0 verbose cli D:\Node\node.exe D:\Node\node_global\node_modules\npm\bin\npm-cli.js
1 info using npm@11.7.0
2 info using node@v22.20.0
3 silly config load:file:D:\Node\node_global\node_modules\npm\npmrc
4 silly config load:file:D:\Medical_Intelligent_Agent_System\frontend\.npmrc
5 silly config load:file:C:\Users\zwj12\.npmrc
6 silly config load:file:D:\Node\node_global\etc\npmrc
7 verbose title npm install
8 verbose argv "install" "--cache" "./npm-cache"
9 verbose logfile logs-max:10 dir:D:\Medical_Intelligent_Agent_System\frontend\npm-cache\_logs\2026-02-26T14_45_37_474Z-
10 verbose logfile D:\Medical_Intelligent_Agent_System\frontend\npm-cache\_logs\2026-02-26T14_45_37_474Z-debug-0.log
11 silly logfile done cleaning log files
12 silly packumentCache heap:4345298944 maxSize:1086324736 maxEntrySize:543162368
13 silly idealTree buildDeps
14 silly fetch manifest vue@^3.4.0
15 silly packumentCache full:https://registry.npmjs.org/vue cache-miss
16 http fetch GET 200 https://registry.npmjs.org/vue 3488ms (cache miss)
17 silly packumentCache full:https://registry.npmjs.org/vue set size:undefined disposed:false
18 silly fetch manifest typescript@^5.3.0
19 silly packumentCache full:https://registry.npmjs.org/typescript cache-miss
20 http fetch GET 200 https://registry.npmjs.org/npm 4640ms
21 http fetch GET 200 https://registry.npmjs.org/typescript 12088ms (cache miss)
22 silly packumentCache full:https://registry.npmjs.org/typescript set size:undefined disposed:false
23 silly fetch manifest vue-router@^4.2.0
24 silly packumentCache full:https://registry.npmjs.org/vue-router cache-miss
25 http fetch GET 200 https://registry.npmjs.org/vue-router 1881ms (cache miss)
26 silly packumentCache full:https://registry.npmjs.org/vue-router set size:undefined disposed:false
27 silly fetch manifest pinia@^2.1.0
28 silly packumentCache full:https://registry.npmjs.org/pinia cache-miss
29 http fetch GET 200 https://registry.npmjs.org/pinia 1109ms (cache miss)
30 silly packumentCache full:https://registry.npmjs.org/pinia set size:undefined disposed:false
31 silly fetch manifest axios@^1.6.0
32 silly packumentCache full:https://registry.npmjs.org/axios cache-miss
33 http fetch GET 200 https://registry.npmjs.org/axios 875ms (cache miss)
34 silly packumentCache full:https://registry.npmjs.org/axios set size:undefined disposed:false
35 silly fetch manifest element-plus@^2.5.0
36 silly packumentCache full:https://registry.npmjs.org/element-plus cache-miss
37 http fetch GET 200 https://registry.npmjs.org/element-plus 1728ms (cache miss)
38 silly packumentCache full:https://registry.npmjs.org/element-plus set size:undefined disposed:false
39 silly fetch manifest @element-plus/icons-vue@^2.3.0
40 silly packumentCache full:https://registry.npmjs.org/@element-plus%2ficons-vue cache-miss
41 http fetch GET 200 https://registry.npmjs.org/@element-plus%2ficons-vue 6828ms (cache miss)
42 silly packumentCache full:https://registry.npmjs.org/@element-plus%2ficons-vue set size:undefined disposed:false
43 silly fetch manifest echarts@^5.4.0
44 silly packumentCache full:https://registry.npmjs.org/echarts cache-miss
45 http fetch GET 200 https://registry.npmjs.org/echarts 1308ms (cache miss)
46 silly packumentCache full:https://registry.npmjs.org/echarts set size:undefined disposed:false
47 silly fetch manifest vue-echarts@^6.6.0
48 silly packumentCache full:https://registry.npmjs.org/vue-echarts cache-miss
49 http fetch GET 200 https://registry.npmjs.org/vue-echarts 2210ms (cache miss)
50 silly packumentCache full:https://registry.npmjs.org/vue-echarts set size:undefined disposed:false
51 silly fetch manifest @vue/composition-api@^1.0.5
52 silly packumentCache full:https://registry.npmjs.org/@vue%2fcomposition-api cache-miss
53 http fetch GET 200 https://registry.npmjs.org/@vue%2fcomposition-api 1506ms (cache miss)
54 silly packumentCache full:https://registry.npmjs.org/@vue%2fcomposition-api set size:undefined disposed:false
55 silly fetch manifest vue@>= 2.5 < 2.7
56 silly packumentCache full:https://registry.npmjs.org/vue cache-miss
57 http cache https://registry.npmjs.org/vue 17ms (cache hit)
58 silly packumentCache full:https://registry.npmjs.org/vue set size:2001600 disposed:false
59 silly fetch manifest @vue/runtime-core@^3.0.0
60 silly packumentCache full:https://registry.npmjs.org/@vue%2fruntime-core cache-miss
61 http fetch GET 200 https://registry.npmjs.org/@vue%2fruntime-core 3085ms (cache miss)
62 silly packumentCache full:https://registry.npmjs.org/@vue%2fruntime-core set size:undefined disposed:false
63 silly fetch manifest @vueuse/core@^10.7.0
64 silly packumentCache full:https://registry.npmjs.org/@vueuse%2fcore cache-miss
65 http fetch GET 200 https://registry.npmjs.org/@vueuse%2fcore 2599ms (cache miss)
66 silly packumentCache full:https://registry.npmjs.org/@vueuse%2fcore set size:undefined disposed:false
67 silly fetch manifest dayjs@^1.11.0
68 silly packumentCache full:https://registry.npmjs.org/dayjs cache-miss
69 http fetch GET 200 https://registry.npmjs.org/dayjs 2609ms (cache miss)
70 silly packumentCache full:https://registry.npmjs.org/dayjs set size:undefined disposed:false
71 silly fetch manifest nprogress@^0.2.0
72 silly packumentCache full:https://registry.npmjs.org/nprogress cache-miss
73 http fetch GET 200 https://registry.npmjs.org/nprogress 6015ms (cache miss)
74 silly packumentCache full:https://registry.npmjs.org/nprogress set size:undefined disposed:false
75 silly fetch manifest @vitejs/plugin-vue@^5.0.0
76 silly packumentCache full:https://registry.npmjs.org/@vitejs%2fplugin-vue cache-miss
77 http fetch GET 200 https://registry.npmjs.org/@vitejs%2fplugin-vue 2019ms (cache miss)
78 silly packumentCache full:https://registry.npmjs.org/@vitejs%2fplugin-vue set size:undefined disposed:false
79 silly fetch manifest vite@^5.0.0
80 silly packumentCache full:https://registry.npmjs.org/vite cache-miss
81 http fetch GET 200 https://registry.npmjs.org/vite 232213ms (cache miss)
82 silly packumentCache full:https://registry.npmjs.org/vite set size:undefined disposed:false
83 silly fetch manifest @types/node@^20.10.0
84 silly packumentCache full:https://registry.npmjs.org/@types%2fnode cache-miss
85 http fetch GET 200 https://registry.npmjs.org/@types%2fnode 44238ms (cache miss)
86 silly packumentCache full:https://registry.npmjs.org/@types%2fnode set size:undefined disposed:false
87 silly fetch manifest less@*
88 silly packumentCache full:https://registry.npmjs.org/less cache-miss
89 http fetch GET 200 https://registry.npmjs.org/less 5926ms (cache miss)
90 silly packumentCache full:https://registry.npmjs.org/less set size:undefined disposed:false
91 silly fetch manifest lightningcss@^1.21.0
92 silly packumentCache full:https://registry.npmjs.org/lightningcss cache-miss
93 http fetch GET 200 https://registry.npmjs.org/lightningcss 1403ms (cache miss)
94 silly packumentCache full:https://registry.npmjs.org/lightningcss set size:undefined disposed:false
95 silly fetch manifest sass@^1.69.0
96 silly packumentCache full:https://registry.npmjs.org/sass cache-miss
97 http fetch GET 200 https://registry.npmjs.org/sass 18974ms (cache miss)
98 silly packumentCache full:https://registry.npmjs.org/sass set size:undefined disposed:false
99 silly fetch manifest sass-embedded@*
100 silly packumentCache full:https://registry.npmjs.org/sass-embedded cache-miss
101 http fetch GET 200 https://registry.npmjs.org/sass-embedded 2774ms (cache miss)
102 silly packumentCache full:https://registry.npmjs.org/sass-embedded set size:undefined disposed:false
103 silly fetch manifest stylus@*
104 silly packumentCache full:https://registry.npmjs.org/stylus cache-miss
105 http fetch GET 200 https://registry.npmjs.org/stylus 5611ms (cache miss)
106 silly packumentCache full:https://registry.npmjs.org/stylus set size:undefined disposed:false
107 silly fetch manifest sugarss@*
108 silly packumentCache full:https://registry.npmjs.org/sugarss cache-miss
109 http fetch GET 200 https://registry.npmjs.org/sugarss 1089ms (cache miss)
110 silly packumentCache full:https://registry.npmjs.org/sugarss set size:undefined disposed:false
111 silly fetch manifest postcss@^8.3.3
112 silly packumentCache full:https://registry.npmjs.org/postcss cache-miss
113 http fetch GET 200 https://registry.npmjs.org/postcss 15839ms (cache miss)
114 silly packumentCache full:https://registry.npmjs.org/postcss set size:undefined disposed:false
115 silly fetch manifest terser@^5.4.0
116 silly packumentCache full:https://registry.npmjs.org/terser cache-miss
117 http fetch GET 200 https://registry.npmjs.org/terser 7897ms (cache miss)
118 silly packumentCache full:https://registry.npmjs.org/terser set size:undefined disposed:false
119 silly fetch manifest vue-tsc@^1.8.0
120 silly packumentCache full:https://registry.npmjs.org/vue-tsc cache-miss
121 http fetch GET 200 https://registry.npmjs.org/vue-tsc 21853ms (cache miss)
122 silly packumentCache full:https://registry.npmjs.org/vue-tsc set size:undefined disposed:false
123 silly fetch manifest @types/nprogress@^0.2.3
124 silly packumentCache full:https://registry.npmjs.org/@types%2fnprogress cache-miss
125 http fetch GET 200 https://registry.npmjs.org/@types%2fnprogress 476ms (cache miss)
126 silly packumentCache full:https://registry.npmjs.org/@types%2fnprogress set size:undefined disposed:false
127 silly fetch manifest eslint@^8.56.0
128 silly packumentCache full:https://registry.npmjs.org/eslint cache-miss
129 http fetch GET 200 https://registry.npmjs.org/eslint 15742ms (cache miss)
130 silly packumentCache full:https://registry.npmjs.org/eslint set size:undefined disposed:false
131 silly fetch manifest eslint-plugin-vue@^9.19.0
132 silly packumentCache full:https://registry.npmjs.org/eslint-plugin-vue cache-miss
133 http fetch GET 200 https://registry.npmjs.org/eslint-plugin-vue 6026ms (cache miss)
134 silly packumentCache full:https://registry.npmjs.org/eslint-plugin-vue set size:undefined disposed:false
135 silly fetch manifest @typescript-eslint/eslint-plugin@^6.15.0
136 silly packumentCache full:https://registry.npmjs.org/@typescript-eslint%2feslint-plugin cache-miss
137 http fetch GET 200 https://registry.npmjs.org/@typescript-eslint%2feslint-plugin 213063ms (cache miss)
138 silly packumentCache full:https://registry.npmjs.org/@typescript-eslint%2feslint-plugin set size:undefined disposed:false
139 silly fetch manifest @typescript-eslint/parser@^6.15.0
140 silly packumentCache full:https://registry.npmjs.org/@typescript-eslint%2fparser cache-miss
141 http fetch GET 200 https://registry.npmjs.org/@typescript-eslint%2fparser 300226ms (cache miss)
142 silly packumentCache full:https://registry.npmjs.org/@typescript-eslint%2fparser set size:undefined disposed:false
143 silly fetch manifest prettier@^3.1.0
144 silly packumentCache full:https://registry.npmjs.org/prettier cache-miss
145 http fetch GET 200 https://registry.npmjs.org/prettier 7214ms (cache miss)
146 silly packumentCache full:https://registry.npmjs.org/prettier set size:undefined disposed:false
147 silly placeDep ROOT @element-plus/icons-vue@2.3.2 OK for: medical-ai-frontend@1.0.0 want: ^2.3.0
148 silly placeDep ROOT vue@3.5.29 OK for: @element-plus/icons-vue@2.3.2 want: ^3.2.0
149 silly placeDep ROOT @types/node@20.19.34 OK for: medical-ai-frontend@1.0.0 want: ^20.10.0
150 silly placeDep ROOT @types/nprogress@0.2.3 OK for: medical-ai-frontend@1.0.0 want: ^0.2.3
151 silly placeDep ROOT @typescript-eslint/eslint-plugin@6.21.0 OK for: medical-ai-frontend@1.0.0 want: ^6.15.0
152 silly placeDep ROOT eslint@8.57.1 OK for: @typescript-eslint/eslint-plugin@6.21.0 want: ^7.0.0 || ^8.0.0
153 silly placeDep ROOT @typescript-eslint/parser@6.21.0 OK for: @typescript-eslint/eslint-plugin@6.21.0 want: ^6.0.0 || ^6.0.0-alpha
154 silly placeDep ROOT @vitejs/plugin-vue@5.2.4 OK for: medical-ai-frontend@1.0.0 want: ^5.0.0
155 silly placeDep ROOT vite@5.4.21 OK for: @vitejs/plugin-vue@5.2.4 want: ^5.0.0 || ^6.0.0
156 silly placeDep ROOT @vueuse/core@10.11.1 OK for: medical-ai-frontend@1.0.0 want: ^10.7.0
157 silly placeDep ROOT axios@1.13.5 OK for: medical-ai-frontend@1.0.0 want: ^1.6.0
158 silly placeDep ROOT dayjs@1.11.19 OK for: medical-ai-frontend@1.0.0 want: ^1.11.0
159 silly placeDep ROOT echarts@5.6.0 OK for: medical-ai-frontend@1.0.0 want: ^5.4.0
160 silly placeDep ROOT element-plus@2.13.2 OK for: medical-ai-frontend@1.0.0 want: ^2.5.0
161 silly placeDep ROOT eslint-plugin-vue@9.33.0 OK for: medical-ai-frontend@1.0.0 want: ^9.19.0
162 silly placeDep ROOT nprogress@0.2.0 OK for: medical-ai-frontend@1.0.0 want: ^0.2.0
163 silly placeDep ROOT pinia@2.3.1 OK for: medical-ai-frontend@1.0.0 want: ^2.1.0
164 silly placeDep ROOT prettier@3.8.1 OK for: medical-ai-frontend@1.0.0 want: ^3.1.0
165 silly placeDep ROOT sass@1.97.3 OK for: medical-ai-frontend@1.0.0 want: ^1.69.0
166 silly placeDep ROOT typescript@5.9.3 OK for: medical-ai-frontend@1.0.0 want: ^5.3.0
167 silly placeDep ROOT vue-echarts@6.7.3 OK for: medical-ai-frontend@1.0.0 want: ^6.6.0
168 silly placeDep ROOT vue-router@4.6.4 OK for: medical-ai-frontend@1.0.0 want: ^4.2.0
169 silly placeDep ROOT vue-tsc@1.8.27 OK for: medical-ai-frontend@1.0.0 want: ^1.8.0
170 silly fetch manifest @vue/shared@3.5.29
171 silly packumentCache full:https://registry.npmjs.org/@vue%2fshared cache-miss
172 silly fetch manifest @vue/runtime-dom@3.5.29
173 silly packumentCache full:https://registry.npmjs.org/@vue%2fruntime-dom cache-miss
174 silly fetch manifest @vue/compiler-sfc@3.5.29
175 silly packumentCache full:https://registry.npmjs.org/@vue%2fcompiler-sfc cache-miss
176 silly fetch manifest @vue/server-renderer@3.5.29
177 silly packumentCache full:https://registry.npmjs.org/@vue%2fserver-renderer cache-miss
178 silly fetch manifest @vue/compiler-dom@3.5.29
179 silly packumentCache full:https://registry.npmjs.org/@vue%2fcompiler-dom cache-miss
180 silly fetch manifest undici-types@~6.21.0
181 silly packumentCache full:https://registry.npmjs.org/undici-types cache-miss
182 silly fetch manifest debug@^4.3.4
183 silly packumentCache full:https://registry.npmjs.org/debug cache-miss
184 silly fetch manifest ignore@^5.2.4
185 silly packumentCache full:https://registry.npmjs.org/ignore cache-miss
186 silly fetch manifest semver@^7.5.4
187 silly packumentCache full:https://registry.npmjs.org/semver cache-miss
188 silly fetch manifest graphemer@^1.4.0
189 silly packumentCache full:https://registry.npmjs.org/graphemer cache-miss
190 silly fetch manifest ts-api-utils@^1.0.1
191 silly packumentCache full:https://registry.npmjs.org/ts-api-utils cache-miss
192 silly fetch manifest natural-compare@^1.4.0
193 silly packumentCache full:https://registry.npmjs.org/natural-compare cache-miss
194 silly fetch manifest @typescript-eslint/utils@6.21.0
195 silly packumentCache full:https://registry.npmjs.org/@typescript-eslint%2futils cache-miss
196 silly fetch manifest @eslint-community/regexpp@^4.5.1
197 silly packumentCache full:https://registry.npmjs.org/@eslint-community%2fregexpp cache-miss
198 silly fetch manifest @typescript-eslint/type-utils@6.21.0
199 silly packumentCache full:https://registry.npmjs.org/@typescript-eslint%2ftype-utils cache-miss
200 http fetch GET 200 https://registry.npmjs.org/natural-compare 864ms (cache miss)
201 silly packumentCache full:https://registry.npmjs.org/natural-compare set size:undefined disposed:false
202 silly fetch manifest @typescript-eslint/visitor-keys@6.21.0
203 silly packumentCache full:https://registry.npmjs.org/@typescript-eslint%2fvisitor-keys cache-miss
204 http fetch GET 200 https://registry.npmjs.org/@eslint-community%2fregexpp 871ms (cache miss)
205 silly packumentCache full:https://registry.npmjs.org/@eslint-community%2fregexpp set size:undefined disposed:false
206 silly fetch manifest @typescript-eslint/scope-manager@6.21.0
207 silly packumentCache full:https://registry.npmjs.org/@typescript-eslint%2fscope-manager cache-miss
208 http fetch GET 200 https://registry.npmjs.org/ts-api-utils 1566ms (cache miss)
209 silly packumentCache full:https://registry.npmjs.org/ts-api-utils set size:undefined disposed:false
210 silly fetch manifest debug@^4.3.4
211 silly packumentCache full:https://registry.npmjs.org/debug cache-miss
212 http fetch GET 200 https://registry.npmjs.org/undici-types 1780ms (cache miss)
213 silly packumentCache full:https://registry.npmjs.org/undici-types set size:undefined disposed:false
214 silly fetch manifest @typescript-eslint/types@6.21.0
215 silly packumentCache full:https://registry.npmjs.org/@typescript-eslint%2ftypes cache-miss
216 http fetch GET 200 https://registry.npmjs.org/debug 1832ms (cache miss)
217 silly packumentCache full:https://registry.npmjs.org/debug set size:undefined disposed:false
218 silly fetch manifest @typescript-eslint/visitor-keys@6.21.0
219 silly packumentCache full:https://registry.npmjs.org/@typescript-eslint%2fvisitor-keys cache-miss
220 http fetch GET 200 https://registry.npmjs.org/@vue%2fserver-renderer 1895ms (cache miss)
221 silly packumentCache full:https://registry.npmjs.org/@vue%2fserver-renderer set size:undefined disposed:false
222 silly fetch manifest @typescript-eslint/scope-manager@6.21.0
223 silly packumentCache full:https://registry.npmjs.org/@typescript-eslint%2fscope-manager cache-miss
224 http fetch GET 200 https://registry.npmjs.org/debug 659ms (cache miss)
225 silly packumentCache full:https://registry.npmjs.org/debug set size:undefined disposed:false
226 silly fetch manifest @typescript-eslint/typescript-estree@6.21.0
227 silly packumentCache full:https://registry.npmjs.org/@typescript-eslint%2ftypescript-estree cache-miss
228 http fetch GET 200 https://registry.npmjs.org/@vue%2fcompiler-sfc 2263ms (cache miss)
229 silly packumentCache full:https://registry.npmjs.org/@vue%2fcompiler-sfc set size:undefined disposed:false
230 silly fetch manifest ajv@^6.12.4
231 silly packumentCache full:https://registry.npmjs.org/ajv cache-miss
232 http fetch GET 200 https://registry.npmjs.org/graphemer 2351ms (cache miss)
233 silly packumentCache full:https://registry.npmjs.org/graphemer set size:undefined disposed:false
234 silly fetch manifest levn@^0.4.1
235 silly packumentCache full:https://registry.npmjs.org/levn cache-miss
236 http fetch GET 200 https://registry.npmjs.org/ignore 2466ms (cache miss)
237 silly packumentCache full:https://registry.npmjs.org/ignore set size:undefined disposed:false
238 silly fetch manifest chalk@^4.0.0
239 silly packumentCache full:https://registry.npmjs.org/chalk cache-miss
240 http fetch GET 200 https://registry.npmjs.org/levn 579ms (cache miss)
241 silly packumentCache full:https://registry.npmjs.org/levn set size:undefined disposed:false
242 silly fetch manifest debug@^4.3.2
243 silly packumentCache full:https://registry.npmjs.org/debug cache-miss
244 http cache https://registry.npmjs.org/debug 14ms (cache hit)
245 silly packumentCache full:https://registry.npmjs.org/debug set size:195840 disposed:false
246 silly fetch manifest espree@^9.6.1
247 silly packumentCache full:https://registry.npmjs.org/espree cache-miss
248 http fetch GET 200 https://registry.npmjs.org/chalk 626ms (cache miss)
249 silly packumentCache full:https://registry.npmjs.org/chalk set size:undefined disposed:false
250 silly fetch manifest ignore@^5.2.0
251 silly packumentCache full:https://registry.npmjs.org/ignore cache-miss
252 http cache https://registry.npmjs.org/ignore 9ms (cache hit)
253 silly packumentCache full:https://registry.npmjs.org/ignore set size:237380 disposed:false
254 silly fetch manifest esquery@^1.4.2
255 silly packumentCache full:https://registry.npmjs.org/esquery cache-miss
256 http fetch GET 200 https://registry.npmjs.org/ajv 1004ms (cache miss)
257 silly packumentCache full:https://registry.npmjs.org/ajv set size:undefined disposed:false
258 silly fetch manifest esutils@^2.0.2
259 silly packumentCache full:https://registry.npmjs.org/esutils cache-miss
260 http fetch GET 200 https://registry.npmjs.org/esquery 375ms (cache miss)
261 silly packumentCache full:https://registry.npmjs.org/esquery set size:undefined disposed:false
262 silly fetch manifest find-up@^5.0.0
263 silly packumentCache full:https://registry.npmjs.org/find-up cache-miss
264 http fetch GET 200 https://registry.npmjs.org/esutils 365ms (cache miss)
265 silly packumentCache full:https://registry.npmjs.org/esutils set size:undefined disposed:false
266 silly fetch manifest globals@^13.19.0
267 silly packumentCache full:https://registry.npmjs.org/globals cache-miss
268 http fetch GET 200 https://registry.npmjs.org/find-up 381ms (cache miss)
269 silly packumentCache full:https://registry.npmjs.org/find-up set size:undefined disposed:false
270 silly fetch manifest is-glob@^4.0.0
271 silly packumentCache full:https://registry.npmjs.org/is-glob cache-miss
272 http fetch GET 200 https://registry.npmjs.org/espree 1570ms (cache miss)
273 silly packumentCache full:https://registry.npmjs.org/espree set size:undefined disposed:false
274 silly fetch manifest js-yaml@^4.1.0
275 silly packumentCache full:https://registry.npmjs.org/js-yaml cache-miss
276 http fetch GET 200 https://registry.npmjs.org/semver 4565ms (cache miss)
277 silly packumentCache full:https://registry.npmjs.org/semver set size:undefined disposed:false
278 silly fetch manifest doctrine@^3.0.0
279 silly packumentCache full:https://registry.npmjs.org/doctrine cache-miss
280 http fetch GET 200 https://registry.npmjs.org/globals 1167ms (cache miss)
281 silly packumentCache full:https://registry.npmjs.org/globals set size:undefined disposed:false
282 silly fetch manifest minimatch@^3.1.2
283 silly packumentCache full:https://registry.npmjs.org/minimatch cache-miss
284 http fetch GET 200 https://registry.npmjs.org/js-yaml 417ms (cache miss)
285 silly packumentCache full:https://registry.npmjs.org/js-yaml set size:undefined disposed:false
286 silly fetch manifest @eslint/js@8.57.1
287 silly packumentCache full:https://registry.npmjs.org/@eslint%2fjs cache-miss
288 http fetch GET 200 https://registry.npmjs.org/is-glob 1323ms (cache miss)
289 silly packumentCache full:https://registry.npmjs.org/is-glob set size:undefined disposed:false
290 silly fetch manifest optionator@^0.9.3
291 silly packumentCache full:https://registry.npmjs.org/optionator cache-miss
292 http fetch GET 200 https://registry.npmjs.org/@eslint%2fjs 428ms (cache miss)
293 silly packumentCache full:https://registry.npmjs.org/@eslint%2fjs set size:undefined disposed:false
294 silly fetch manifest strip-ansi@^6.0.1
295 silly packumentCache full:https://registry.npmjs.org/strip-ansi cache-miss
296 http fetch GET 200 https://registry.npmjs.org/doctrine 878ms (cache miss)
297 silly packumentCache full:https://registry.npmjs.org/doctrine set size:undefined disposed:false
298 silly fetch manifest text-table@^0.2.0
299 silly packumentCache full:https://registry.npmjs.org/text-table cache-miss
300 http fetch GET 200 https://registry.npmjs.org/minimatch 877ms (cache miss)
301 silly packumentCache full:https://registry.npmjs.org/minimatch set size:undefined disposed:false
302 silly fetch manifest cross-spawn@^7.0.2
303 silly packumentCache full:https://registry.npmjs.org/cross-spawn cache-miss
304 http fetch GET 200 https://registry.npmjs.org/text-table 263ms (cache miss)
305 silly packumentCache full:https://registry.npmjs.org/text-table set size:undefined disposed:false
306 silly fetch manifest glob-parent@^6.0.2
307 silly packumentCache full:https://registry.npmjs.org/glob-parent cache-miss
308 http fetch GET 200 https://registry.npmjs.org/@typescript-eslint%2futils 5922ms (cache miss)
309 silly packumentCache full:https://registry.npmjs.org/@typescript-eslint%2futils set size:undefined disposed:false
310 silly fetch manifest imurmurhash@^0.1.4
311 silly packumentCache full:https://registry.npmjs.org/imurmurhash cache-miss
312 http fetch GET 200 https://registry.npmjs.org/@vue%2fcompiler-dom 6111ms (cache miss)
313 silly packumentCache full:https://registry.npmjs.org/@vue%2fcompiler-dom set size:undefined disposed:false
314 silly fetch manifest eslint-scope@^7.2.2
315 silly packumentCache full:https://registry.npmjs.org/eslint-scope cache-miss
316 http fetch GET 200 https://registry.npmjs.org/optionator 1052ms (cache miss)
317 silly packumentCache full:https://registry.npmjs.org/optionator set size:undefined disposed:false
318 silly fetch manifest lodash.merge@^4.6.2
319 silly packumentCache full:https://registry.npmjs.org/lodash.merge cache-miss
320 http fetch GET 200 https://registry.npmjs.org/glob-parent 870ms (cache miss)
321 silly packumentCache full:https://registry.npmjs.org/glob-parent set size:undefined disposed:false
322 silly fetch manifest is-path-inside@^3.0.3
323 silly packumentCache full:https://registry.npmjs.org/is-path-inside cache-miss
324 http fetch GET 200 https://registry.npmjs.org/eslint-scope 499ms (cache miss)
325 silly packumentCache full:https://registry.npmjs.org/eslint-scope set size:undefined disposed:false
326 silly fetch manifest fast-deep-equal@^3.1.3
327 silly packumentCache full:https://registry.npmjs.org/fast-deep-equal cache-miss
328 http fetch GET 200 https://registry.npmjs.org/cross-spawn 1030ms (cache miss)
329 silly packumentCache full:https://registry.npmjs.org/cross-spawn set size:undefined disposed:false
330 silly fetch manifest @eslint/eslintrc@^2.1.4
331 silly packumentCache full:https://registry.npmjs.org/@eslint%2feslintrc cache-miss
332 http fetch GET 200 https://registry.npmjs.org/fast-deep-equal 586ms (cache miss)
333 silly packumentCache full:https://registry.npmjs.org/fast-deep-equal set size:undefined disposed:false
334 silly fetch manifest @nodelib/fs.walk@^1.2.8
335 silly packumentCache full:https://registry.npmjs.org/@nodelib%2ffs.walk cache-miss
336 http fetch GET 200 https://registry.npmjs.org/@vue%2fruntime-dom 7238ms (cache miss)
337 silly packumentCache full:https://registry.npmjs.org/@vue%2fruntime-dom set size:undefined disposed:false
338 silly fetch manifest file-entry-cache@^6.0.1
339 silly packumentCache full:https://registry.npmjs.org/file-entry-cache cache-miss
340 http fetch GET 200 https://registry.npmjs.org/is-path-inside 729ms (cache miss)
341 silly packumentCache full:https://registry.npmjs.org/is-path-inside set size:undefined disposed:false
342 silly fetch manifest eslint-visitor-keys@^3.4.3
343 silly packumentCache full:https://registry.npmjs.org/eslint-visitor-keys cache-miss
344 http fetch GET 200 https://registry.npmjs.org/imurmurhash 1752ms (cache miss)
345 silly packumentCache full:https://registry.npmjs.org/imurmurhash set size:undefined disposed:false
346 silly fetch manifest escape-string-regexp@^4.0.0
347 silly packumentCache full:https://registry.npmjs.org/escape-string-regexp cache-miss
348 http fetch GET 200 https://registry.npmjs.org/@nodelib%2ffs.walk 601ms (cache miss)
349 silly packumentCache full:https://registry.npmjs.org/@nodelib%2ffs.walk set size:undefined disposed:false
350 silly fetch manifest @ungap/structured-clone@^1.2.0
351 silly packumentCache full:https://registry.npmjs.org/@ungap%2fstructured-clone cache-miss
352 http fetch GET 200 https://registry.npmjs.org/escape-string-regexp 685ms (cache miss)
353 silly packumentCache full:https://registry.npmjs.org/escape-string-regexp set size:undefined disposed:false
354 silly fetch manifest @eslint-community/regexpp@^4.6.1
355 silly packumentCache full:https://registry.npmjs.org/@eslint-community%2fregexpp cache-miss
356 http cache https://registry.npmjs.org/@eslint-community%2fregexpp 9ms (cache hit)
357 silly packumentCache full:https://registry.npmjs.org/@eslint-community%2fregexpp set size:106609 disposed:false
358 silly fetch manifest @humanwhocodes/config-array@^0.13.0
359 silly packumentCache full:https://registry.npmjs.org/@humanwhocodes%2fconfig-array cache-miss
360 http fetch GET 200 https://registry.npmjs.org/@eslint%2feslintrc 1820ms (cache miss)
361 silly packumentCache full:https://registry.npmjs.org/@eslint%2feslintrc set size:undefined disposed:false
362 silly fetch manifest @eslint-community/eslint-utils@^4.2.0
363 silly packumentCache full:https://registry.npmjs.org/@eslint-community%2feslint-utils cache-miss
364 http fetch GET 200 https://registry.npmjs.org/file-entry-cache 1351ms (cache miss)
365 silly packumentCache full:https://registry.npmjs.org/file-entry-cache set size:undefined disposed:false
366 silly fetch manifest @humanwhocodes/module-importer@^1.0.1
367 silly packumentCache full:https://registry.npmjs.org/@humanwhocodes%2fmodule-importer cache-miss
368 http fetch GET 200 https://registry.npmjs.org/eslint-visitor-keys 1676ms (cache miss)
369 silly packumentCache full:https://registry.npmjs.org/eslint-visitor-keys set size:undefined disposed:false
370 silly fetch manifest json-stable-stringify-without-jsonify@^1.0.1
371 silly packumentCache full:https://registry.npmjs.org/json-stable-stringify-without-jsonify cache-miss
372 http fetch GET 200 https://registry.npmjs.org/@eslint-community%2feslint-utils 631ms (cache miss)
373 silly packumentCache full:https://registry.npmjs.org/@eslint-community%2feslint-utils set size:undefined disposed:false
374 silly fetch manifest rollup@^4.20.0
375 silly packumentCache full:https://registry.npmjs.org/rollup cache-miss
376 http fetch GET 200 https://registry.npmjs.org/strip-ansi 3894ms (cache miss)
377 silly packumentCache full:https://registry.npmjs.org/strip-ansi set size:undefined disposed:false
378 silly fetch manifest esbuild@^0.21.3
379 silly packumentCache full:https://registry.npmjs.org/esbuild cache-miss
380 http fetch GET 200 https://registry.npmjs.org/@humanwhocodes%2fmodule-importer 985ms (cache miss)
381 silly packumentCache full:https://registry.npmjs.org/@humanwhocodes%2fmodule-importer set size:undefined disposed:false
382 silly fetch manifest postcss@^8.4.43
383 silly packumentCache full:https://registry.npmjs.org/postcss cache-miss
384 http fetch GET 200 https://registry.npmjs.org/json-stable-stringify-without-jsonify 634ms (cache miss)
385 silly packumentCache full:https://registry.npmjs.org/json-stable-stringify-without-jsonify set size:undefined disposed:false
386 silly fetch manifest fsevents@~2.3.3
387 silly packumentCache full:https://registry.npmjs.org/fsevents cache-miss
388 http fetch GET 200 https://registry.npmjs.org/lodash.merge 3413ms (cache miss)
389 silly packumentCache full:https://registry.npmjs.org/lodash.merge set size:undefined disposed:false
390 silly fetch manifest vue-demi@>=0.14.8
391 silly packumentCache full:https://registry.npmjs.org/vue-demi cache-miss
392 http fetch GET 200 https://registry.npmjs.org/postcss 215ms (cache revalidated)
393 silly packumentCache full:https://registry.npmjs.org/postcss set size:696248 disposed:false
394 silly fetch manifest @vueuse/shared@10.11.1
395 silly packumentCache full:https://registry.npmjs.org/@vueuse%2fshared cache-miss
396 http fetch GET 200 https://registry.npmjs.org/@ungap%2fstructured-clone 2475ms (cache miss)
397 silly packumentCache full:https://registry.npmjs.org/@ungap%2fstructured-clone set size:undefined disposed:false
398 silly fetch manifest @vueuse/metadata@10.11.1
399 silly packumentCache full:https://registry.npmjs.org/@vueuse%2fmetadata cache-miss
400 http fetch GET 200 https://registry.npmjs.org/@typescript-eslint%2ftypes 9686ms (cache miss)
401 silly packumentCache full:https://registry.npmjs.org/@typescript-eslint%2ftypes set size:undefined disposed:false
402 silly fetch manifest @types/web-bluetooth@^0.0.20
403 silly packumentCache full:https://registry.npmjs.org/@types%2fweb-bluetooth cache-miss
404 http fetch GET 200 https://registry.npmjs.org/fsevents 2097ms (cache miss)
405 silly packumentCache full:https://registry.npmjs.org/fsevents set size:undefined disposed:false
406 silly fetch manifest form-data@^4.0.5
407 silly packumentCache full:https://registry.npmjs.org/form-data cache-miss
408 http fetch GET 200 https://registry.npmjs.org/@humanwhocodes%2fconfig-array 3479ms (cache miss)
409 silly packumentCache full:https://registry.npmjs.org/@humanwhocodes%2fconfig-array set size:undefined disposed:false
410 silly fetch manifest proxy-from-env@^1.1.0
411 silly packumentCache full:https://registry.npmjs.org/proxy-from-env cache-miss
412 http fetch GET 200 https://registry.npmjs.org/@typescript-eslint%2fscope-manager 10352ms (cache miss)
413 silly packumentCache full:https://registry.npmjs.org/@typescript-eslint%2fscope-manager set size:undefined disposed:false
414 silly fetch manifest follow-redirects@^1.15.11
415 silly packumentCache full:https://registry.npmjs.org/follow-redirects cache-miss
416 http fetch GET 200 https://registry.npmjs.org/@vueuse%2fmetadata 2074ms (cache miss)
417 silly packumentCache full:https://registry.npmjs.org/@vueuse%2fmetadata set size:undefined disposed:false
418 silly fetch manifest tslib@2.3.0
419 silly packumentCache full:https://registry.npmjs.org/tslib cache-miss
420 http fetch GET 200 https://registry.npmjs.org/@types%2fweb-bluetooth 830ms (cache miss)
421 silly packumentCache full:https://registry.npmjs.org/@types%2fweb-bluetooth set size:undefined disposed:false
422 silly fetch manifest zrender@5.6.1
423 silly packumentCache full:https://registry.npmjs.org/zrender cache-miss
424 http fetch GET 200 https://registry.npmjs.org/proxy-from-env 604ms (cache miss)
425 silly packumentCache full:https://registry.npmjs.org/proxy-from-env set size:undefined disposed:false
426 silly fetch manifest @ctrl/tinycolor@^3.4.1
427 silly packumentCache full:https://registry.npmjs.org/@ctrl%2ftinycolor cache-miss
428 http fetch GET 200 https://registry.npmjs.org/vue-demi 2870ms (cache miss)
429 silly packumentCache full:https://registry.npmjs.org/vue-demi set size:undefined disposed:false
430 silly fetch manifest @floating-ui/dom@^1.0.1
431 silly packumentCache full:https://registry.npmjs.org/@floating-ui%2fdom cache-miss
432 http fetch GET 200 https://registry.npmjs.org/@typescript-eslint%2ftype-utils 12616ms (cache miss)
433 silly packumentCache full:https://registry.npmjs.org/@typescript-eslint%2ftype-utils set size:undefined disposed:false
434 silly fetch manifest @popperjs/core@npm:@sxzz/popperjs-es@^2.11.7
435 silly packumentCache full:https://registry.npmjs.org/@sxzz%2fpopperjs-es cache-miss
436 http fetch GET 200 https://registry.npmjs.org/@typescript-eslint%2fscope-manager 11806ms (cache miss)
437 silly packumentCache full:https://registry.npmjs.org/@typescript-eslint%2fscope-manager set size:undefined disposed:false
438 silly fetch manifest @types/lodash@^4.17.20
439 silly packumentCache full:https://registry.npmjs.org/@types%2flodash cache-miss
440 http fetch GET 200 https://registry.npmjs.org/@typescript-eslint%2fvisitor-keys 11074ms (cache miss)
441 silly packumentCache full:https://registry.npmjs.org/@typescript-eslint%2fvisitor-keys set size:undefined disposed:false
442 silly fetch manifest @types/lodash-es@^4.17.12
443 silly packumentCache full:https://registry.npmjs.org/@types%2flodash-es cache-miss
444 http fetch GET 200 https://registry.npmjs.org/zrender 731ms (cache miss)
445 silly packumentCache full:https://registry.npmjs.org/zrender set size:undefined disposed:false
446 silly fetch manifest async-validator@^4.2.5
447 silly packumentCache full:https://registry.npmjs.org/async-validator cache-miss
448 http fetch GET 200 https://registry.npmjs.org/@types%2flodash-es 628ms (cache miss)
449 silly packumentCache full:https://registry.npmjs.org/@types%2flodash-es set size:undefined disposed:false
450 silly fetch manifest lodash@^4.17.23
451 silly packumentCache full:https://registry.npmjs.org/lodash cache-miss
452 http fetch GET 200 https://registry.npmjs.org/tslib 1278ms (cache miss)
453 silly packumentCache full:https://registry.npmjs.org/tslib set size:undefined disposed:false
454 silly fetch manifest lodash-es@^4.17.23
455 silly packumentCache full:https://registry.npmjs.org/lodash-es cache-miss
456 http fetch GET 200 https://registry.npmjs.org/follow-redirects 1362ms (cache miss)
457 silly packumentCache full:https://registry.npmjs.org/follow-redirects set size:undefined disposed:false
458 silly fetch manifest lodash-unified@^1.0.3
459 silly packumentCache full:https://registry.npmjs.org/lodash-unified cache-miss
460 http fetch GET 200 https://registry.npmjs.org/@types%2flodash 1002ms (cache miss)
461 silly packumentCache full:https://registry.npmjs.org/@types%2flodash set size:undefined disposed:false
462 silly fetch manifest memoize-one@^6.0.0
463 silly packumentCache full:https://registry.npmjs.org/memoize-one cache-miss
464 http fetch GET 200 https://registry.npmjs.org/async-validator 680ms (cache miss)
465 silly packumentCache full:https://registry.npmjs.org/async-validator set size:undefined disposed:false
466 silly fetch manifest normalize-wheel-es@^1.2.0
467 silly packumentCache full:https://registry.npmjs.org/normalize-wheel-es cache-miss
468 http fetch GET 200 https://registry.npmjs.org/normalize-wheel-es 231ms (cache miss)
469 silly packumentCache full:https://registry.npmjs.org/normalize-wheel-es set size:undefined disposed:false
470 silly fetch manifest semver@^7.6.3
471 silly packumentCache full:https://registry.npmjs.org/semver cache-miss
472 http cache https://registry.npmjs.org/semver 12ms (cache hit)
473 silly packumentCache full:https://registry.npmjs.org/semver set size:229678 disposed:false
474 silly fetch manifest globals@^13.24.0
475 silly packumentCache full:https://registry.npmjs.org/globals cache-miss
476 http cache https://registry.npmjs.org/globals 6ms (cache hit)
477 silly packumentCache full:https://registry.npmjs.org/globals set size:304921 disposed:false
478 silly fetch manifest nth-check@^2.1.1
479 silly packumentCache full:https://registry.npmjs.org/nth-check cache-miss
480 http fetch GET 200 https://registry.npmjs.org/form-data 2531ms (cache miss)
481 silly packumentCache full:https://registry.npmjs.org/form-data set size:undefined disposed:false
482 silly fetch manifest vue-eslint-parser@^9.4.3
483 silly packumentCache full:https://registry.npmjs.org/vue-eslint-parser cache-miss
484 http fetch GET 200 https://registry.npmjs.org/@sxzz%2fpopperjs-es 1772ms (cache miss)
485 silly packumentCache full:https://registry.npmjs.org/@sxzz%2fpopperjs-es set size:undefined disposed:false
486 silly fetch manifest xml-name-validator@^4.0.0
487 silly packumentCache full:https://registry.npmjs.org/xml-name-validator cache-miss
488 http fetch GET 200 https://registry.npmjs.org/lodash-unified 826ms (cache miss)
489 silly packumentCache full:https://registry.npmjs.org/lodash-unified set size:undefined disposed:false
490 silly fetch manifest postcss-selector-parser@^6.0.15
491 silly packumentCache full:https://registry.npmjs.org/postcss-selector-parser cache-miss
492 http fetch GET 200 https://registry.npmjs.org/nth-check 459ms (cache miss)
493 silly packumentCache full:https://registry.npmjs.org/nth-check set size:undefined disposed:false
494 silly fetch manifest @eslint-community/eslint-utils@^4.4.0
495 silly packumentCache full:https://registry.npmjs.org/@eslint-community%2feslint-utils cache-miss
496 http cache https://registry.npmjs.org/@eslint-community%2feslint-utils 8ms (cache hit)
497 silly packumentCache full:https://registry.npmjs.org/@eslint-community%2feslint-utils set size:93301 disposed:false
498 silly fetch manifest vue-demi@^0.14.10
499 silly packumentCache full:https://registry.npmjs.org/vue-demi cache-miss
500 http cache https://registry.npmjs.org/vue-demi 11ms (cache hit)
501 silly packumentCache full:https://registry.npmjs.org/vue-demi set size:269583 disposed:false
502 silly fetch manifest @vue/devtools-api@^6.6.3
503 silly packumentCache full:https://registry.npmjs.org/@vue%2fdevtools-api cache-miss
504 http fetch GET 200 https://registry.npmjs.org/lodash-es 1066ms (cache miss)
505 silly packumentCache full:https://registry.npmjs.org/lodash-es set size:undefined disposed:false
506 silly fetch manifest chokidar@^4.0.0
507 silly packumentCache full:https://registry.npmjs.org/chokidar cache-miss
508 http fetch GET 200 https://registry.npmjs.org/@ctrl%2ftinycolor 2283ms (cache miss)
509 silly packumentCache full:https://registry.npmjs.org/@ctrl%2ftinycolor set size:undefined disposed:false
510 silly fetch manifest immutable@^5.0.2
511 silly packumentCache full:https://registry.npmjs.org/immutable cache-miss
512 http fetch GET 200 https://registry.npmjs.org/xml-name-validator 386ms (cache miss)
513 silly packumentCache full:https://registry.npmjs.org/xml-name-validator set size:undefined disposed:false
514 silly fetch manifest source-map-js@>=0.6.2 <2.0.0
515 silly packumentCache full:https://registry.npmjs.org/source-map-js cache-miss
516 http fetch GET 200 https://registry.npmjs.org/source-map-js 564ms (cache miss)
517 silly packumentCache full:https://registry.npmjs.org/source-map-js set size:undefined disposed:false
518 silly fetch manifest @parcel/watcher@^2.4.1
519 silly packumentCache full:https://registry.npmjs.org/@parcel%2fwatcher cache-miss
520 http fetch GET 200 https://registry.npmjs.org/postcss-selector-parser 1118ms (cache miss)
521 silly packumentCache full:https://registry.npmjs.org/postcss-selector-parser set size:undefined disposed:false
522 silly fetch manifest vue-demi@^0.13.11
523 silly packumentCache full:https://registry.npmjs.org/vue-demi cache-hit
524 silly fetch manifest resize-detector@^0.3.0
525 silly packumentCache full:https://registry.npmjs.org/resize-detector cache-miss
526 http fetch GET 200 https://registry.npmjs.org/resize-detector 244ms (cache miss)
527 silly packumentCache full:https://registry.npmjs.org/resize-detector set size:undefined disposed:false
528 silly fetch manifest @vue/devtools-api@^6.6.4
529 silly packumentCache full:https://registry.npmjs.org/@vue%2fdevtools-api cache-miss
530 http fetch GET 200 https://registry.npmjs.org/memoize-one 2173ms (cache miss)
531 silly packumentCache full:https://registry.npmjs.org/memoize-one set size:undefined disposed:false
532 silly fetch manifest @volar/typescript@~1.11.1
533 silly packumentCache full:https://registry.npmjs.org/@volar%2ftypescript cache-miss
534 http fetch GET 200 https://registry.npmjs.org/@vue%2fdevtools-api 1544ms (cache miss)
535 silly packumentCache full:https://registry.npmjs.org/@vue%2fdevtools-api set size:undefined disposed:false
536 silly fetch manifest @vue/language-core@1.8.27
537 silly packumentCache full:https://registry.npmjs.org/@vue%2flanguage-core cache-miss
538 http fetch GET 200 https://registry.npmjs.org/@parcel%2fwatcher 721ms (cache miss)
539 silly packumentCache full:https://registry.npmjs.org/@parcel%2fwatcher set size:undefined disposed:false
540 http fetch GET 200 https://registry.npmjs.org/@floating-ui%2fdom 3954ms (cache miss)
541 silly packumentCache full:https://registry.npmjs.org/@floating-ui%2fdom set size:undefined disposed:false
542 http fetch GET 200 https://registry.npmjs.org/chokidar 1823ms (cache miss)
543 silly packumentCache full:https://registry.npmjs.org/chokidar set size:undefined disposed:false
544 http fetch GET 200 https://registry.npmjs.org/esbuild 7382ms (cache miss)
545 silly packumentCache full:https://registry.npmjs.org/esbuild set size:undefined disposed:false
546 http fetch GET 200 https://registry.npmjs.org/@vue%2flanguage-core 873ms (cache miss)
547 silly packumentCache full:https://registry.npmjs.org/@vue%2flanguage-core set size:undefined disposed:false
548 http fetch GET 200 https://registry.npmjs.org/@volar%2ftypescript 1312ms (cache miss)
549 silly packumentCache full:https://registry.npmjs.org/@volar%2ftypescript set size:undefined disposed:false
550 http fetch GET 200 https://registry.npmjs.org/lodash 3672ms (cache miss)
551 silly packumentCache full:https://registry.npmjs.org/lodash set size:undefined disposed:false
552 http fetch GET 200 https://registry.npmjs.org/immutable 2609ms (cache miss)
553 silly packumentCache full:https://registry.npmjs.org/immutable set size:undefined disposed:false
554 http fetch GET 200 https://registry.npmjs.org/rollup 8723ms (cache miss)
555 silly packumentCache full:https://registry.npmjs.org/rollup set size:undefined disposed:false
556 http fetch GET 200 https://registry.npmjs.org/vue-eslint-parser 3830ms (cache miss)
557 silly packumentCache full:https://registry.npmjs.org/vue-eslint-parser set size:undefined disposed:false
558 http fetch GET 200 https://registry.npmjs.org/@typescript-eslint%2fvisitor-keys 18013ms (cache miss)
559 silly packumentCache full:https://registry.npmjs.org/@typescript-eslint%2fvisitor-keys set size:undefined disposed:false
560 http fetch GET 200 https://registry.npmjs.org/@vue%2fdevtools-api 3755ms (cache miss)
561 silly packumentCache full:https://registry.npmjs.org/@vue%2fdevtools-api set size:undefined disposed:false
562 http fetch GET 200 https://registry.npmjs.org/@vueuse%2fshared 11380ms (cache miss)
563 silly packumentCache full:https://registry.npmjs.org/@vueuse%2fshared set size:undefined disposed:false
564 http fetch GET 200 https://registry.npmjs.org/@vue%2fshared 42699ms (cache miss)
565 silly packumentCache full:https://registry.npmjs.org/@vue%2fshared set size:undefined disposed:false
566 http fetch GET 200 https://registry.npmjs.org/@typescript-eslint%2ftypescript-estree 57584ms (cache miss)
567 silly packumentCache full:https://registry.npmjs.org/@typescript-eslint%2ftypescript-estree set size:undefined disposed:false
568 silly placeDep ROOT undici-types@6.21.0 OK for: @types/node@20.19.34 want: ~6.21.0
569 silly fetch manifest typescript@>=4.2.0
570 silly packumentCache full:https://registry.npmjs.org/typescript cache-miss
571 http fetch GET 200 https://registry.npmjs.org/typescript 237ms (cache revalidated)
572 silly packumentCache full:https://registry.npmjs.org/typescript set size:15291437 disposed:false
573 silly fetch manifest eslint@^7.0.0 || ^8.0.0
574 silly packumentCache full:https://registry.npmjs.org/eslint cache-miss
575 http fetch GET 200 https://registry.npmjs.org/eslint 238ms (cache revalidated)
576 silly packumentCache full:https://registry.npmjs.org/eslint set size:1949507 disposed:false
577 silly placeDep ROOT @eslint-community/regexpp@4.12.2 OK for: @typescript-eslint/eslint-plugin@6.21.0 want: ^4.5.1
578 silly placeDep ROOT @typescript-eslint/scope-manager@6.21.0 OK for: @typescript-eslint/eslint-plugin@6.21.0 want: 6.21.0
579 silly placeDep ROOT @typescript-eslint/type-utils@6.21.0 OK for: @typescript-eslint/eslint-plugin@6.21.0 want: 6.21.0
580 silly placeDep ROOT @typescript-eslint/utils@6.21.0 OK for: @typescript-eslint/eslint-plugin@6.21.0 want: 6.21.0
581 silly placeDep ROOT @typescript-eslint/visitor-keys@6.21.0 OK for: @typescript-eslint/eslint-plugin@6.21.0 want: 6.21.0
582 silly placeDep ROOT debug@4.4.3 OK for: @typescript-eslint/eslint-plugin@6.21.0 want: ^4.3.4
583 silly placeDep ROOT graphemer@1.4.0 OK for: @typescript-eslint/eslint-plugin@6.21.0 want: ^1.4.0
584 silly placeDep ROOT ignore@5.3.2 OK for: @typescript-eslint/eslint-plugin@6.21.0 want: ^5.2.4
585 silly placeDep ROOT natural-compare@1.4.0 OK for: @typescript-eslint/eslint-plugin@6.21.0 want: ^1.4.0
586 silly placeDep ROOT semver@7.7.4 OK for: @typescript-eslint/eslint-plugin@6.21.0 want: ^7.5.4
587 silly placeDep ROOT ts-api-utils@1.4.3 OK for: @typescript-eslint/eslint-plugin@6.21.0 want: ^1.0.1
588 silly fetch manifest @types/semver@^7.5.0
589 silly packumentCache full:https://registry.npmjs.org/@types%2fsemver cache-miss
590 silly fetch manifest @types/json-schema@^7.0.12
591 silly packumentCache full:https://registry.npmjs.org/@types%2fjson-schema cache-miss
592 silly fetch manifest eslint-visitor-keys@^3.4.1
593 silly packumentCache full:https://registry.npmjs.org/eslint-visitor-keys cache-miss
594 silly fetch manifest ms@^2.1.3
595 silly packumentCache full:https://registry.npmjs.org/ms cache-miss
596 http cache https://registry.npmjs.org/eslint-visitor-keys 12ms (cache hit)
597 silly packumentCache full:https://registry.npmjs.org/eslint-visitor-keys set size:69949 disposed:false
598 http fetch GET 200 https://registry.npmjs.org/ms 437ms (cache miss)
599 silly packumentCache full:https://registry.npmjs.org/ms set size:undefined disposed:false
600 http fetch GET 200 https://registry.npmjs.org/@types%2fsemver 1032ms (cache miss)
601 silly packumentCache full:https://registry.npmjs.org/@types%2fsemver set size:undefined disposed:false
602 http fetch GET 200 https://registry.npmjs.org/@types%2fjson-schema 1137ms (cache miss)
603 silly packumentCache full:https://registry.npmjs.org/@types%2fjson-schema set size:undefined disposed:false
604 silly placeDep ROOT @typescript-eslint/types@6.21.0 OK for: @typescript-eslint/parser@6.21.0 want: 6.21.0
605 silly placeDep ROOT @typescript-eslint/typescript-estree@6.21.0 OK for: @typescript-eslint/parser@6.21.0 want: 6.21.0
606 silly fetch manifest globby@^11.1.0
607 silly packumentCache full:https://registry.npmjs.org/globby cache-miss
608 silly fetch manifest is-glob@^4.0.3
609 silly packumentCache full:https://registry.npmjs.org/is-glob cache-miss
610 silly fetch manifest minimatch@9.0.3
611 silly packumentCache full:https://registry.npmjs.org/minimatch cache-miss
612 http cache https://registry.npmjs.org/is-glob 16ms (cache hit)
613 silly packumentCache full:https://registry.npmjs.org/is-glob set size:40530 disposed:false
614 http cache https://registry.npmjs.org/minimatch 18ms (cache hit)
615 silly packumentCache full:https://registry.npmjs.org/minimatch set size:349761 disposed:false
616 http fetch GET 200 https://registry.npmjs.org/globby 1073ms (cache miss)
617 silly packumentCache full:https://registry.npmjs.org/globby set size:undefined disposed:false
618 silly placeDep ROOT globby@11.1.0 OK for: @typescript-eslint/typescript-estree@6.21.0 want: ^11.1.0
619 silly placeDep ROOT is-glob@4.0.3 OK for: @typescript-eslint/typescript-estree@6.21.0 want: ^4.0.3
620 silly placeDep ROOT minimatch@9.0.3 OK for: @typescript-eslint/typescript-estree@6.21.0 want: 9.0.3
621 silly fetch manifest slash@^3.0.0
622 silly packumentCache full:https://registry.npmjs.org/slash cache-miss
623 silly fetch manifest merge2@^1.4.1
624 silly packumentCache full:https://registry.npmjs.org/merge2 cache-miss
625 silly fetch manifest dir-glob@^3.0.1
626 silly packumentCache full:https://registry.npmjs.org/dir-glob cache-miss
627 silly fetch manifest fast-glob@^3.2.9
628 silly packumentCache full:https://registry.npmjs.org/fast-glob cache-miss
629 silly fetch manifest array-union@^2.1.0
630 silly packumentCache full:https://registry.npmjs.org/array-union cache-miss
631 silly fetch manifest is-extglob@^2.1.1
632 silly packumentCache full:https://registry.npmjs.org/is-extglob cache-miss
633 silly fetch manifest brace-expansion@^2.0.1
634 silly packumentCache full:https://registry.npmjs.org/brace-expansion cache-miss
635 http fetch GET 200 https://registry.npmjs.org/is-extglob 252ms (cache miss)
636 silly packumentCache full:https://registry.npmjs.org/is-extglob set size:undefined disposed:false
637 http fetch GET 200 https://registry.npmjs.org/array-union 272ms (cache miss)
638 silly packumentCache full:https://registry.npmjs.org/array-union set size:undefined disposed:false
639 http fetch GET 200 https://registry.npmjs.org/slash 415ms (cache miss)
640 silly packumentCache full:https://registry.npmjs.org/slash set size:undefined disposed:false
641 http fetch GET 200 https://registry.npmjs.org/merge2 424ms (cache miss)
642 silly packumentCache full:https://registry.npmjs.org/merge2 set size:undefined disposed:false
643 http fetch GET 200 https://registry.npmjs.org/dir-glob 526ms (cache miss)
644 silly packumentCache full:https://registry.npmjs.org/dir-glob set size:undefined disposed:false
645 http fetch GET 200 https://registry.npmjs.org/brace-expansion 907ms (cache miss)
646 silly packumentCache full:https://registry.npmjs.org/brace-expansion set size:undefined disposed:false
647 http fetch GET 200 https://registry.npmjs.org/fast-glob 3217ms (cache miss)
648 silly packumentCache full:https://registry.npmjs.org/fast-glob set size:undefined disposed:false
649 silly placeDep ROOT @eslint-community/eslint-utils@4.9.1 OK for: @typescript-eslint/utils@6.21.0 want: ^4.4.0
650 silly placeDep ROOT @types/json-schema@7.0.15 OK for: @typescript-eslint/utils@6.21.0 want: ^7.0.12
651 silly placeDep ROOT @types/semver@7.7.1 OK for: @typescript-eslint/utils@6.21.0 want: ^7.5.0
652 silly placeDep ROOT eslint-visitor-keys@3.4.3 OK for: @eslint-community/eslint-utils@4.9.1 want: ^3.4.3
653 silly fetch manifest @vue/composition-api@^1.0.0-rc.1
654 silly packumentCache full:https://registry.npmjs.org/@vue%2fcomposition-api cache-miss
655 http fetch GET 200 https://registry.npmjs.org/@vue%2fcomposition-api 728ms (cache revalidated)
656 silly packumentCache full:https://registry.npmjs.org/@vue%2fcomposition-api set size:679956 disposed:false
657 silly placeDep ROOT @types/web-bluetooth@0.0.20 OK for: @vueuse/core@10.11.1 want: ^0.0.20
658 silly placeDep ROOT @vueuse/metadata@10.11.1 OK for: @vueuse/core@10.11.1 want: 10.11.1
659 silly placeDep ROOT @vueuse/shared@10.11.1 OK for: @vueuse/core@10.11.1 want: 10.11.1
660 silly placeDep node_modules/@vueuse/core vue-demi@0.14.10 OK for: @vueuse/core@10.11.1 want: >=0.14.8
661 silly placeDep node_modules/@vueuse/shared vue-demi@0.14.10 OK for: @vueuse/shared@10.11.1 want: >=0.14.8
662 silly placeDep ROOT follow-redirects@1.15.11 OK for: axios@1.13.5 want: ^1.15.11
663 silly placeDep ROOT form-data@4.0.5 OK for: axios@1.13.5 want: ^4.0.5
664 silly placeDep ROOT proxy-from-env@1.1.0 OK for: axios@1.13.5 want: ^1.1.0
665 silly fetch manifest asynckit@^0.4.0
666 silly packumentCache full:https://registry.npmjs.org/asynckit cache-miss
667 silly fetch manifest combined-stream@^1.0.8
668 silly packumentCache full:https://registry.npmjs.org/combined-stream cache-miss
669 silly fetch manifest es-set-tostringtag@^2.1.0
670 silly packumentCache full:https://registry.npmjs.org/es-set-tostringtag cache-miss
671 silly fetch manifest hasown@^2.0.2
672 silly packumentCache full:https://registry.npmjs.org/hasown cache-miss
673 silly fetch manifest mime-types@^2.1.12
674 silly packumentCache full:https://registry.npmjs.org/mime-types cache-miss
675 http fetch GET 200 https://registry.npmjs.org/asynckit 299ms (cache miss)
676 silly packumentCache full:https://registry.npmjs.org/asynckit set size:undefined disposed:false
677 http fetch GET 200 https://registry.npmjs.org/hasown 447ms (cache miss)
678 silly packumentCache full:https://registry.npmjs.org/hasown set size:undefined disposed:false
679 http fetch GET 200 https://registry.npmjs.org/combined-stream 578ms (cache miss)
680 silly packumentCache full:https://registry.npmjs.org/combined-stream set size:undefined disposed:false
681 http fetch GET 200 https://registry.npmjs.org/es-set-tostringtag 932ms (cache miss)
682 silly packumentCache full:https://registry.npmjs.org/es-set-tostringtag set size:undefined disposed:false
683 http fetch GET 200 https://registry.npmjs.org/mime-types 1356ms (cache miss)
684 silly packumentCache full:https://registry.npmjs.org/mime-types set size:undefined disposed:false
685 silly placeDep ROOT ms@2.1.3 OK for: debug@4.4.3 want: ^2.1.3
686 silly placeDep ROOT tslib@2.3.0 OK for: echarts@5.6.0 want: 2.3.0
687 silly placeDep ROOT zrender@5.6.1 OK for: echarts@5.6.0 want: 5.6.1
688 silly placeDep ROOT @ctrl/tinycolor@3.6.1 OK for: element-plus@2.13.2 want: ^3.4.1
689 silly placeDep ROOT @floating-ui/dom@1.7.5 OK for: element-plus@2.13.2 want: ^1.0.1
690 silly placeDep ROOT @popperjs/core@2.11.8 OK for: element-plus@2.13.2 want: npm:@sxzz/popperjs-es@^2.11.7
691 silly placeDep ROOT @types/lodash@4.17.24 OK for: element-plus@2.13.2 want: ^4.17.20
692 silly placeDep ROOT @types/lodash-es@4.17.12 OK for: element-plus@2.13.2 want: ^4.17.12
693 silly placeDep ROOT async-validator@4.2.5 OK for: element-plus@2.13.2 want: ^4.2.5
694 silly placeDep ROOT lodash@4.17.23 OK for: element-plus@2.13.2 want: ^4.17.23
695 silly placeDep ROOT lodash-es@4.17.23 OK for: element-plus@2.13.2 want: ^4.17.23
696 silly placeDep ROOT lodash-unified@1.0.3 OK for: element-plus@2.13.2 want: ^1.0.3
697 silly placeDep ROOT memoize-one@6.0.0 OK for: element-plus@2.13.2 want: ^6.0.0
698 silly placeDep ROOT normalize-wheel-es@1.2.0 OK for: element-plus@2.13.2 want: ^1.2.0
699 silly fetch manifest @floating-ui/core@^1.7.4
700 silly packumentCache full:https://registry.npmjs.org/@floating-ui%2fcore cache-miss
701 silly fetch manifest @floating-ui/utils@^0.2.10
702 silly packumentCache full:https://registry.npmjs.org/@floating-ui%2futils cache-miss
703 http fetch GET 200 https://registry.npmjs.org/@floating-ui%2futils 429ms (cache miss)
704 silly packumentCache full:https://registry.npmjs.org/@floating-ui%2futils set size:undefined disposed:false
705 http fetch GET 200 https://registry.npmjs.org/@floating-ui%2fcore 1507ms (cache miss)
706 silly packumentCache full:https://registry.npmjs.org/@floating-ui%2fcore set size:undefined disposed:false
707 silly placeDep ROOT @floating-ui/core@1.7.4 OK for: @floating-ui/dom@1.7.5 want: ^1.7.4
708 silly placeDep ROOT @floating-ui/utils@0.2.10 OK for: @floating-ui/dom@1.7.5 want: ^0.2.10
709 silly placeDep ROOT @eslint/eslintrc@2.1.4 OK for: eslint@8.57.1 want: ^2.1.4
710 silly placeDep ROOT @eslint/js@8.57.1 OK for: eslint@8.57.1 want: 8.57.1
711 silly placeDep ROOT @humanwhocodes/config-array@0.13.0 OK for: eslint@8.57.1 want: ^0.13.0
712 silly placeDep ROOT @humanwhocodes/module-importer@1.0.1 OK for: eslint@8.57.1 want: ^1.0.1
713 silly placeDep ROOT @nodelib/fs.walk@1.2.8 OK for: eslint@8.57.1 want: ^1.2.8
714 silly placeDep ROOT @ungap/structured-clone@1.3.0 OK for: eslint@8.57.1 want: ^1.2.0
715 silly placeDep ROOT ajv@6.14.0 OK for: eslint@8.57.1 want: ^6.12.4
716 silly placeDep ROOT chalk@4.1.2 OK for: eslint@8.57.1 want: ^4.0.0
717 silly placeDep ROOT cross-spawn@7.0.6 OK for: eslint@8.57.1 want: ^7.0.2
718 silly placeDep ROOT doctrine@3.0.0 OK for: eslint@8.57.1 want: ^3.0.0
719 silly placeDep ROOT escape-string-regexp@4.0.0 OK for: eslint@8.57.1 want: ^4.0.0
720 silly placeDep ROOT eslint-scope@7.2.2 OK for: eslint@8.57.1 want: ^7.2.2
721 silly placeDep ROOT espree@9.6.1 OK for: eslint@8.57.1 want: ^9.6.1
722 silly placeDep ROOT esquery@1.7.0 OK for: eslint@8.57.1 want: ^1.4.2
723 silly placeDep ROOT esutils@2.0.3 OK for: eslint@8.57.1 want: ^2.0.2
724 silly placeDep ROOT fast-deep-equal@3.1.3 OK for: eslint@8.57.1 want: ^3.1.3
725 silly placeDep ROOT file-entry-cache@6.0.1 OK for: eslint@8.57.1 want: ^6.0.1
726 silly placeDep ROOT find-up@5.0.0 OK for: eslint@8.57.1 want: ^5.0.0
727 silly placeDep ROOT glob-parent@6.0.2 OK for: eslint@8.57.1 want: ^6.0.2
728 silly placeDep ROOT globals@13.24.0 OK for: eslint@8.57.1 want: ^13.19.0
729 silly placeDep ROOT imurmurhash@0.1.4 OK for: eslint@8.57.1 want: ^0.1.4
730 silly placeDep ROOT is-path-inside@3.0.3 OK for: eslint@8.57.1 want: ^3.0.3
731 silly placeDep ROOT js-yaml@4.1.1 OK for: eslint@8.57.1 want: ^4.1.0
732 silly placeDep ROOT json-stable-stringify-without-jsonify@1.0.1 OK for: eslint@8.57.1 want: ^1.0.1
733 silly placeDep ROOT levn@0.4.1 OK for: eslint@8.57.1 want: ^0.4.1
734 silly placeDep ROOT lodash.merge@4.6.2 OK for: eslint@8.57.1 want: ^4.6.2
735 silly placeDep node_modules/eslint minimatch@3.1.5 OK for: eslint@8.57.1 want: ^3.1.2
736 silly placeDep ROOT optionator@0.9.4 OK for: eslint@8.57.1 want: ^0.9.3
737 silly placeDep ROOT strip-ansi@6.0.1 OK for: eslint@8.57.1 want: ^6.0.1
738 silly placeDep ROOT text-table@0.2.0 OK for: eslint@8.57.1 want: ^0.2.0
739 silly fetch manifest espree@^9.6.0
740 silly packumentCache full:https://registry.npmjs.org/espree cache-miss
741 silly fetch manifest import-fresh@^3.2.1
742 silly packumentCache full:https://registry.npmjs.org/import-fresh cache-miss
743 silly fetch manifest strip-json-comments@^3.1.1
744 silly packumentCache full:https://registry.npmjs.org/strip-json-comments cache-miss
745 silly fetch manifest minimatch@^3.0.5
746 silly packumentCache full:https://registry.npmjs.org/minimatch cache-hit
747 silly fetch manifest @humanwhocodes/object-schema@^2.0.3
748 silly packumentCache full:https://registry.npmjs.org/@humanwhocodes%2fobject-schema cache-miss
749 silly fetch manifest fastq@^1.6.0
750 silly packumentCache full:https://registry.npmjs.org/fastq cache-miss
751 silly fetch manifest @nodelib/fs.scandir@2.1.5
752 silly packumentCache full:https://registry.npmjs.org/@nodelib%2ffs.scandir cache-miss
753 silly fetch manifest fast-deep-equal@^3.1.1
754 silly packumentCache full:https://registry.npmjs.org/fast-deep-equal cache-miss
755 silly fetch manifest fast-json-stable-stringify@^2.0.0
756 silly packumentCache full:https://registry.npmjs.org/fast-json-stable-stringify cache-miss
757 silly fetch manifest json-schema-traverse@^0.4.1
758 silly packumentCache full:https://registry.npmjs.org/json-schema-traverse cache-miss
759 silly fetch manifest uri-js@^4.2.2
760 silly packumentCache full:https://registry.npmjs.org/uri-js cache-miss
761 silly fetch manifest ansi-styles@^4.1.0
762 silly packumentCache full:https://registry.npmjs.org/ansi-styles cache-miss
763 silly fetch manifest supports-color@^7.1.0
764 silly packumentCache full:https://registry.npmjs.org/supports-color cache-miss
765 silly fetch manifest which@^2.0.1
766 silly packumentCache full:https://registry.npmjs.org/which cache-miss
767 silly fetch manifest path-key@^3.1.0
768 silly packumentCache full:https://registry.npmjs.org/path-key cache-miss
769 silly fetch manifest shebang-command@^2.0.0
770 silly packumentCache full:https://registry.npmjs.org/shebang-command cache-miss
771 http cache https://registry.npmjs.org/fast-deep-equal 36ms (cache hit)
772 silly packumentCache full:https://registry.npmjs.org/fast-deep-equal set size:48634 disposed:false
773 silly fetch manifest esrecurse@^4.3.0
774 silly packumentCache full:https://registry.npmjs.org/esrecurse cache-miss
775 http cache https://registry.npmjs.org/espree 43ms (cache hit)
776 silly packumentCache full:https://registry.npmjs.org/espree set size:323320 disposed:false
777 silly fetch manifest estraverse@^5.2.0
778 silly packumentCache full:https://registry.npmjs.org/estraverse cache-miss
779 http fetch GET 200 https://registry.npmjs.org/shebang-command 298ms (cache miss)
780 silly packumentCache full:https://registry.npmjs.org/shebang-command set size:undefined disposed:false
781 silly fetch manifest acorn@^8.9.0
782 silly packumentCache full:https://registry.npmjs.org/acorn cache-miss
783 http fetch GET 200 https://registry.npmjs.org/@humanwhocodes%2fobject-schema 578ms (cache miss)
784 silly packumentCache full:https://registry.npmjs.org/@humanwhocodes%2fobject-schema set size:undefined disposed:false
785 silly fetch manifest acorn-jsx@^5.3.2
786 silly packumentCache full:https://registry.npmjs.org/acorn-jsx cache-miss
787 http fetch GET 200 https://registry.npmjs.org/supports-color 632ms (cache miss)
788 silly packumentCache full:https://registry.npmjs.org/supports-color set size:undefined disposed:false
789 silly fetch manifest estraverse@^5.1.0
790 silly packumentCache full:https://registry.npmjs.org/estraverse cache-miss
791 http fetch GET 200 https://registry.npmjs.org/estraverse 607ms (cache miss)
792 silly packumentCache full:https://registry.npmjs.org/estraverse set size:undefined disposed:false
793 silly fetch manifest flat-cache@^3.0.4
794 silly packumentCache full:https://registry.npmjs.org/flat-cache cache-miss
795 http fetch GET 200 https://registry.npmjs.org/@nodelib%2ffs.scandir 667ms (cache miss)
796 silly packumentCache full:https://registry.npmjs.org/@nodelib%2ffs.scandir set size:undefined disposed:false
797 silly fetch manifest locate-path@^6.0.0
798 silly packumentCache full:https://registry.npmjs.org/locate-path cache-miss
799 http fetch GET 200 https://registry.npmjs.org/fast-json-stable-stringify 683ms (cache miss)
800 silly packumentCache full:https://registry.npmjs.org/fast-json-stable-stringify set size:undefined disposed:false
801 silly fetch manifest path-exists@^4.0.0
802 silly packumentCache full:https://registry.npmjs.org/path-exists cache-miss
803 http fetch GET 200 https://registry.npmjs.org/fastq 779ms (cache miss)
804 silly packumentCache full:https://registry.npmjs.org/fastq set size:undefined disposed:false
805 silly fetch manifest type-fest@^0.20.2
806 silly packumentCache full:https://registry.npmjs.org/type-fest cache-miss
807 http fetch GET 200 https://registry.npmjs.org/ansi-styles 786ms (cache miss)
808 silly packumentCache full:https://registry.npmjs.org/ansi-styles set size:undefined disposed:false
809 silly fetch manifest argparse@^2.0.1
810 silly packumentCache full:https://registry.npmjs.org/argparse cache-miss
811 http fetch GET 200 https://registry.npmjs.org/esrecurse 805ms (cache miss)
812 silly packumentCache full:https://registry.npmjs.org/esrecurse set size:undefined disposed:false
813 silly fetch manifest prelude-ls@^1.2.1
814 silly packumentCache full:https://registry.npmjs.org/prelude-ls cache-miss
815 http fetch GET 200 https://registry.npmjs.org/prelude-ls 259ms (cache miss)
816 silly packumentCache full:https://registry.npmjs.org/prelude-ls set size:undefined disposed:false
817 silly fetch manifest type-check@~0.4.0
818 silly packumentCache full:https://registry.npmjs.org/type-check cache-miss
819 http fetch GET 200 https://registry.npmjs.org/path-exists 570ms (cache miss)
820 silly packumentCache full:https://registry.npmjs.org/path-exists set size:undefined disposed:false
821 silly fetch manifest brace-expansion@^1.1.7
822 silly packumentCache full:https://registry.npmjs.org/brace-expansion cache-miss
823 http fetch GET 200 https://registry.npmjs.org/strip-json-comments 1262ms (cache miss)
824 silly packumentCache full:https://registry.npmjs.org/strip-json-comments set size:undefined disposed:false
825 silly fetch manifest deep-is@^0.1.3
826 silly packumentCache full:https://registry.npmjs.org/deep-is cache-miss
827 http cache https://registry.npmjs.org/brace-expansion 13ms (cache hit)
828 silly packumentCache full:https://registry.npmjs.org/brace-expansion set size:53397 disposed:false
829 silly fetch manifest word-wrap@^1.2.5
830 silly packumentCache full:https://registry.npmjs.org/word-wrap cache-miss
831 http fetch GET 200 https://registry.npmjs.org/acorn-jsx 878ms (cache miss)
832 silly packumentCache full:https://registry.npmjs.org/acorn-jsx set size:undefined disposed:false
833 silly fetch manifest type-check@^0.4.0
834 silly packumentCache full:https://registry.npmjs.org/type-check cache-miss
835 http fetch GET 200 https://registry.npmjs.org/argparse 677ms (cache miss)
836 silly packumentCache full:https://registry.npmjs.org/argparse set size:undefined disposed:false
837 silly fetch manifest fast-levenshtein@^2.0.6
838 silly packumentCache full:https://registry.npmjs.org/fast-levenshtein cache-miss
839 http fetch GET 200 https://registry.npmjs.org/type-check 386ms (cache miss)
840 silly packumentCache full:https://registry.npmjs.org/type-check set size:undefined disposed:false
841 silly fetch manifest ansi-regex@^5.0.1
842 silly packumentCache full:https://registry.npmjs.org/ansi-regex cache-miss
843 http fetch GET 200 https://registry.npmjs.org/flat-cache 881ms (cache miss)
844 silly packumentCache full:https://registry.npmjs.org/flat-cache set size:undefined disposed:false
845 http fetch GET 200 https://registry.npmjs.org/locate-path 964ms (cache miss)
846 silly packumentCache full:https://registry.npmjs.org/locate-path set size:undefined disposed:false
847 http fetch GET 200 https://registry.npmjs.org/word-wrap 435ms (cache miss)
848 silly packumentCache full:https://registry.npmjs.org/word-wrap set size:undefined disposed:false
849 http fetch GET 200 https://registry.npmjs.org/fast-levenshtein 424ms (cache miss)
850 silly packumentCache full:https://registry.npmjs.org/fast-levenshtein set size:undefined disposed:false
851 http fetch GET 200 https://registry.npmjs.org/json-schema-traverse 1932ms (cache miss)
852 silly packumentCache full:https://registry.npmjs.org/json-schema-traverse set size:undefined disposed:false
853 http fetch GET 200 https://registry.npmjs.org/import-fresh 2006ms (cache miss)
854 silly packumentCache full:https://registry.npmjs.org/import-fresh set size:undefined disposed:false
855 http fetch GET 200 https://registry.npmjs.org/type-fest 1236ms (cache miss)
856 silly packumentCache full:https://registry.npmjs.org/type-fest set size:undefined disposed:false
857 http fetch GET 200 https://registry.npmjs.org/path-key 2048ms (cache miss)
858 silly packumentCache full:https://registry.npmjs.org/path-key set size:undefined disposed:false
859 http fetch GET 200 https://registry.npmjs.org/deep-is 973ms (cache miss)
860 silly packumentCache full:https://registry.npmjs.org/deep-is set size:undefined disposed:false
861 http fetch GET 200 https://registry.npmjs.org/estraverse 1687ms (cache miss)
862 silly packumentCache full:https://registry.npmjs.org/estraverse set size:undefined disposed:false
863 http fetch GET 200 https://registry.npmjs.org/ansi-regex 875ms (cache miss)
864 silly packumentCache full:https://registry.npmjs.org/ansi-regex set size:undefined disposed:false
865 http fetch GET 200 https://registry.npmjs.org/type-check 947ms (cache miss)
866 silly packumentCache full:https://registry.npmjs.org/type-check set size:undefined disposed:false
867 http fetch GET 200 https://registry.npmjs.org/acorn 2316ms (cache miss)
868 silly packumentCache full:https://registry.npmjs.org/acorn set size:undefined disposed:false
869 http fetch GET 200 https://registry.npmjs.org/which 3363ms (cache miss)
870 silly packumentCache full:https://registry.npmjs.org/which set size:undefined disposed:false
871 http fetch GET 200 https://registry.npmjs.org/uri-js 3404ms (cache miss)
872 silly packumentCache full:https://registry.npmjs.org/uri-js set size:undefined disposed:false
873 silly placeDep ROOT import-fresh@3.3.1 OK for: @eslint/eslintrc@2.1.4 want: ^3.2.1
874 silly placeDep node_modules/@eslint/eslintrc minimatch@3.1.5 OK for: @eslint/eslintrc@2.1.4 want: ^3.1.2
875 silly placeDep ROOT strip-json-comments@3.1.1 OK for: @eslint/eslintrc@2.1.4 want: ^3.1.1
876 silly fetch manifest resolve-from@^4.0.0
877 silly packumentCache full:https://registry.npmjs.org/resolve-from cache-miss
878 silly fetch manifest parent-module@^1.0.0
879 silly packumentCache full:https://registry.npmjs.org/parent-module cache-miss
880 http fetch GET 200 https://registry.npmjs.org/parent-module 249ms (cache miss)
881 silly packumentCache full:https://registry.npmjs.org/parent-module set size:undefined disposed:false
882 http fetch GET 200 https://registry.npmjs.org/resolve-from 260ms (cache miss)
883 silly packumentCache full:https://registry.npmjs.org/resolve-from set size:undefined disposed:false
884 silly placeDep ROOT @humanwhocodes/object-schema@2.0.3 OK for: @humanwhocodes/config-array@0.13.0 want: ^2.0.3
885 silly placeDep node_modules/@humanwhocodes/config-array minimatch@3.1.5 OK for: @humanwhocodes/config-array@0.13.0 want: ^3.0.5
886 silly placeDep ROOT @nodelib/fs.scandir@2.1.5 OK for: @nodelib/fs.walk@1.2.8 want: 2.1.5
887 silly placeDep ROOT fastq@1.20.1 OK for: @nodelib/fs.walk@1.2.8 want: ^1.6.0
888 silly fetch manifest run-parallel@^1.1.9
889 silly packumentCache full:https://registry.npmjs.org/run-parallel cache-miss
890 silly fetch manifest @nodelib/fs.stat@2.0.5
891 silly packumentCache full:https://registry.npmjs.org/@nodelib%2ffs.stat cache-miss
892 silly fetch manifest reusify@^1.0.4
893 silly packumentCache full:https://registry.npmjs.org/reusify cache-miss
894 http fetch GET 200 https://registry.npmjs.org/@nodelib%2ffs.stat 305ms (cache miss)
895 silly packumentCache full:https://registry.npmjs.org/@nodelib%2ffs.stat set size:undefined disposed:false
896 http fetch GET 200 https://registry.npmjs.org/run-parallel 694ms (cache miss)
897 silly packumentCache full:https://registry.npmjs.org/run-parallel set size:undefined disposed:false
898 http fetch GET 200 https://registry.npmjs.org/reusify 2694ms (cache miss)
899 silly packumentCache full:https://registry.npmjs.org/reusify set size:undefined disposed:false
900 silly placeDep ROOT @nodelib/fs.stat@2.0.5 OK for: @nodelib/fs.scandir@2.1.5 want: 2.0.5
901 silly placeDep ROOT run-parallel@1.2.0 OK for: @nodelib/fs.scandir@2.1.5 want: ^1.1.9
902 silly fetch manifest queue-microtask@^1.2.2
903 silly packumentCache full:https://registry.npmjs.org/queue-microtask cache-miss
904 http fetch GET 200 https://registry.npmjs.org/queue-microtask 1966ms (cache miss)
905 silly packumentCache full:https://registry.npmjs.org/queue-microtask set size:undefined disposed:false
906 silly placeDep ROOT fast-json-stable-stringify@2.1.0 OK for: ajv@6.14.0 want: ^2.0.0
907 silly placeDep ROOT json-schema-traverse@0.4.1 OK for: ajv@6.14.0 want: ^0.4.1
908 silly placeDep ROOT uri-js@4.4.1 OK for: ajv@6.14.0 want: ^4.2.2
909 silly fetch manifest punycode@^2.1.0
910 silly packumentCache full:https://registry.npmjs.org/punycode cache-miss
911 http fetch GET 200 https://registry.npmjs.org/punycode 574ms (cache miss)
912 silly packumentCache full:https://registry.npmjs.org/punycode set size:undefined disposed:false
913 silly placeDep ROOT ansi-styles@4.3.0 OK for: chalk@4.1.2 want: ^4.1.0
914 silly placeDep ROOT supports-color@7.2.0 OK for: chalk@4.1.2 want: ^7.1.0
915 silly fetch manifest color-convert@^2.0.1
916 silly packumentCache full:https://registry.npmjs.org/color-convert cache-miss
917 silly fetch manifest has-flag@^4.0.0
918 silly packumentCache full:https://registry.npmjs.org/has-flag cache-miss
919 http fetch GET 200 https://registry.npmjs.org/has-flag 676ms (cache miss)
920 silly packumentCache full:https://registry.npmjs.org/has-flag set size:undefined disposed:false
921 http fetch GET 200 https://registry.npmjs.org/color-convert 1030ms (cache miss)
922 silly packumentCache full:https://registry.npmjs.org/color-convert set size:undefined disposed:false
923 silly placeDep ROOT color-convert@2.0.1 OK for: ansi-styles@4.3.0 want: ^2.0.1
924 silly fetch manifest color-name@~1.1.4
925 silly packumentCache full:https://registry.npmjs.org/color-name cache-miss
926 http fetch GET 200 https://registry.npmjs.org/color-name 590ms (cache miss)
927 silly packumentCache full:https://registry.npmjs.org/color-name set size:undefined disposed:false
928 silly placeDep ROOT color-name@1.1.4 OK for: color-convert@2.0.1 want: ~1.1.4
929 silly placeDep ROOT path-key@3.1.1 OK for: cross-spawn@7.0.6 want: ^3.1.0
930 silly placeDep ROOT shebang-command@2.0.0 OK for: cross-spawn@7.0.6 want: ^2.0.0
931 silly placeDep ROOT which@2.0.2 OK for: cross-spawn@7.0.6 want: ^2.0.1
932 silly fetch manifest shebang-regex@^3.0.0
933 silly packumentCache full:https://registry.npmjs.org/shebang-regex cache-miss
934 silly fetch manifest isexe@^2.0.0
935 silly packumentCache full:https://registry.npmjs.org/isexe cache-miss
936 http fetch GET 200 https://registry.npmjs.org/shebang-regex 487ms (cache miss)
937 silly packumentCache full:https://registry.npmjs.org/shebang-regex set size:undefined disposed:false
938 http fetch GET 200 https://registry.npmjs.org/isexe 2192ms (cache miss)
939 silly packumentCache full:https://registry.npmjs.org/isexe set size:undefined disposed:false
940 silly fetch manifest eslint@^6.2.0 || ^7.0.0 || ^8.0.0 || ^9.0.0
941 silly packumentCache full:https://registry.npmjs.org/eslint cache-miss
942 http cache https://registry.npmjs.org/eslint 15ms (cache hit)
943 silly packumentCache full:https://registry.npmjs.org/eslint set size:1949507 disposed:false
944 silly fetch manifest jiti@*
945 silly packumentCache full:https://registry.npmjs.org/jiti cache-miss
946 http fetch GET 200 https://registry.npmjs.org/jiti 3749ms (cache miss)
947 silly packumentCache full:https://registry.npmjs.org/jiti set size:undefined disposed:false
948 silly placeDep ROOT nth-check@2.1.1 OK for: eslint-plugin-vue@9.33.0 want: ^2.1.1
949 silly placeDep ROOT postcss-selector-parser@6.1.2 OK for: eslint-plugin-vue@9.33.0 want: ^6.0.15
950 silly placeDep ROOT vue-eslint-parser@9.4.3 OK for: eslint-plugin-vue@9.33.0 want: ^9.4.3
951 silly placeDep ROOT xml-name-validator@4.0.0 OK for: eslint-plugin-vue@9.33.0 want: ^4.0.0
952 silly fetch manifest boolbase@^1.0.0
953 silly packumentCache full:https://registry.npmjs.org/boolbase cache-miss
954 silly fetch manifest cssesc@^3.0.0
955 silly packumentCache full:https://registry.npmjs.org/cssesc cache-miss
956 silly fetch manifest util-deprecate@^1.0.2
957 silly packumentCache full:https://registry.npmjs.org/util-deprecate cache-miss
958 http fetch GET 200 https://registry.npmjs.org/util-deprecate 217ms (cache miss)
959 silly packumentCache full:https://registry.npmjs.org/util-deprecate set size:undefined disposed:false
960 http fetch GET 200 https://registry.npmjs.org/boolbase 786ms (cache miss)
961 silly packumentCache full:https://registry.npmjs.org/boolbase set size:undefined disposed:false
962 http fetch GET 200 https://registry.npmjs.org/cssesc 2810ms (cache miss)
963 silly packumentCache full:https://registry.npmjs.org/cssesc set size:undefined disposed:false
964 silly placeDep ROOT esrecurse@4.3.0 OK for: eslint-scope@7.2.2 want: ^4.3.0
965 silly placeDep ROOT estraverse@5.3.0 OK for: eslint-scope@7.2.2 want: ^5.2.0
966 silly placeDep ROOT acorn@8.16.0 OK for: espree@9.6.1 want: ^8.9.0
967 silly placeDep ROOT acorn-jsx@5.3.2 OK for: espree@9.6.1 want: ^5.3.2
968 silly placeDep ROOT reusify@1.1.0 OK for: fastq@1.20.1 want: ^1.0.4
969 silly placeDep ROOT flat-cache@3.2.0 OK for: file-entry-cache@6.0.1 want: ^3.0.4
970 silly fetch manifest keyv@^4.5.3
971 silly packumentCache full:https://registry.npmjs.org/keyv cache-miss
972 silly fetch manifest rimraf@^3.0.2
973 silly packumentCache full:https://registry.npmjs.org/rimraf cache-miss
974 silly fetch manifest flatted@^3.2.9
975 silly packumentCache full:https://registry.npmjs.org/flatted cache-miss
976 http fetch GET 200 https://registry.npmjs.org/rimraf 854ms (cache miss)
977 silly packumentCache full:https://registry.npmjs.org/rimraf set size:undefined disposed:false
978 http fetch GET 200 https://registry.npmjs.org/keyv 1518ms (cache miss)
979 silly packumentCache full:https://registry.npmjs.org/keyv set size:undefined disposed:false
980 http fetch GET 200 https://registry.npmjs.org/flatted 2301ms (cache miss)
981 silly packumentCache full:https://registry.npmjs.org/flatted set size:undefined disposed:false
982 silly placeDep ROOT locate-path@6.0.0 OK for: find-up@5.0.0 want: ^6.0.0
983 silly placeDep ROOT path-exists@4.0.0 OK for: find-up@5.0.0 want: ^4.0.0
984 silly fetch manifest p-locate@^5.0.0
985 silly packumentCache full:https://registry.npmjs.org/p-locate cache-miss
986 http fetch GET 200 https://registry.npmjs.org/p-locate 2212ms (cache miss)
987 silly packumentCache full:https://registry.npmjs.org/p-locate set size:undefined disposed:false
988 silly placeDep ROOT flatted@3.3.3 OK for: flat-cache@3.2.0 want: ^3.2.9
989 silly placeDep ROOT keyv@4.5.4 OK for: flat-cache@3.2.0 want: ^4.5.3
990 silly placeDep ROOT rimraf@3.0.2 OK for: flat-cache@3.2.0 want: ^3.0.2
991 silly fetch manifest json-buffer@3.0.1
992 silly packumentCache full:https://registry.npmjs.org/json-buffer cache-miss
993 silly fetch manifest glob@^7.1.3
994 silly packumentCache full:https://registry.npmjs.org/glob cache-miss
995 http fetch GET 200 https://registry.npmjs.org/json-buffer 1170ms (cache miss)
996 silly packumentCache full:https://registry.npmjs.org/json-buffer set size:undefined disposed:false
997 http fetch GET 200 https://registry.npmjs.org/glob 1802ms (cache miss)
998 silly packumentCache full:https://registry.npmjs.org/glob set size:undefined disposed:false
999 silly placeDep ROOT asynckit@0.4.0 OK for: form-data@4.0.5 want: ^0.4.0
1000 silly placeDep ROOT combined-stream@1.0.8 OK for: form-data@4.0.5 want: ^1.0.8
1001 silly placeDep ROOT es-set-tostringtag@2.1.0 OK for: form-data@4.0.5 want: ^2.1.0
1002 silly placeDep ROOT hasown@2.0.2 OK for: form-data@4.0.5 want: ^2.0.2
1003 silly placeDep ROOT mime-types@2.1.35 OK for: form-data@4.0.5 want: ^2.1.12
1004 silly fetch manifest delayed-stream@~1.0.0
1005 silly packumentCache full:https://registry.npmjs.org/delayed-stream cache-miss
1006 silly fetch manifest es-errors@^1.3.0
1007 silly packumentCache full:https://registry.npmjs.org/es-errors cache-miss
1008 silly fetch manifest get-intrinsic@^1.2.6
1009 silly packumentCache full:https://registry.npmjs.org/get-intrinsic cache-miss
1010 silly fetch manifest has-tostringtag@^1.0.2
1011 silly packumentCache full:https://registry.npmjs.org/has-tostringtag cache-miss
1012 silly fetch manifest function-bind@^1.1.2
1013 silly packumentCache full:https://registry.npmjs.org/function-bind cache-miss
1014 silly fetch manifest mime-db@1.52.0
1015 silly packumentCache full:https://registry.npmjs.org/mime-db cache-miss
1016 http fetch GET 200 https://registry.npmjs.org/has-tostringtag 419ms (cache miss)
1017 silly packumentCache full:https://registry.npmjs.org/has-tostringtag set size:undefined disposed:false
1018 http fetch GET 200 https://registry.npmjs.org/delayed-stream 722ms (cache miss)
1019 silly packumentCache full:https://registry.npmjs.org/delayed-stream set size:undefined disposed:false
1020 http fetch GET 200 https://registry.npmjs.org/get-intrinsic 874ms (cache miss)
1021 silly packumentCache full:https://registry.npmjs.org/get-intrinsic set size:undefined disposed:false
1022 http fetch GET 200 https://registry.npmjs.org/function-bind 956ms (cache miss)
1023 silly packumentCache full:https://registry.npmjs.org/function-bind set size:undefined disposed:false
1024 http fetch GET 200 https://registry.npmjs.org/es-errors 1451ms (cache miss)
1025 silly packumentCache full:https://registry.npmjs.org/es-errors set size:undefined disposed:false
1026 http fetch GET 200 https://registry.npmjs.org/mime-db 14145ms (cache miss)
1027 silly packumentCache full:https://registry.npmjs.org/mime-db set size:undefined disposed:false
1028 silly placeDep ROOT delayed-stream@1.0.0 OK for: combined-stream@1.0.8 want: ~1.0.0
1029 silly placeDep ROOT es-errors@1.3.0 OK for: es-set-tostringtag@2.1.0 want: ^1.3.0
1030 silly placeDep ROOT get-intrinsic@1.3.0 OK for: es-set-tostringtag@2.1.0 want: ^1.2.6
1031 silly placeDep ROOT has-tostringtag@1.0.2 OK for: es-set-tostringtag@2.1.0 want: ^1.0.2
1032 silly fetch manifest gopd@^1.2.0
1033 silly packumentCache full:https://registry.npmjs.org/gopd cache-miss
1034 silly fetch manifest get-proto@^1.0.1
1035 silly packumentCache full:https://registry.npmjs.org/get-proto cache-miss
1036 silly fetch manifest has-symbols@^1.1.0
1037 silly packumentCache full:https://registry.npmjs.org/has-symbols cache-miss
1038 silly fetch manifest es-object-atoms@^1.1.1
1039 silly packumentCache full:https://registry.npmjs.org/es-object-atoms cache-miss
1040 silly fetch manifest math-intrinsics@^1.1.0
1041 silly packumentCache full:https://registry.npmjs.org/math-intrinsics cache-miss
1042 silly fetch manifest es-define-property@^1.0.1
1043 silly packumentCache full:https://registry.npmjs.org/es-define-property cache-miss
1044 silly fetch manifest call-bind-apply-helpers@^1.0.2
1045 silly packumentCache full:https://registry.npmjs.org/call-bind-apply-helpers cache-miss
1046 silly fetch manifest has-symbols@^1.0.3
1047 silly packumentCache full:https://registry.npmjs.org/has-symbols cache-miss
1048 http fetch GET 200 https://registry.npmjs.org/gopd 204ms (cache miss)
1049 silly packumentCache full:https://registry.npmjs.org/gopd set size:undefined disposed:false
1050 http fetch GET 200 https://registry.npmjs.org/get-proto 226ms (cache miss)
1051 silly packumentCache full:https://registry.npmjs.org/get-proto set size:undefined disposed:false
1052 http fetch GET 200 https://registry.npmjs.org/call-bind-apply-helpers 571ms (cache miss)
1053 silly packumentCache full:https://registry.npmjs.org/call-bind-apply-helpers set size:undefined disposed:false
1054 http fetch GET 200 https://registry.npmjs.org/has-symbols 646ms (cache miss)
1055 silly packumentCache full:https://registry.npmjs.org/has-symbols set size:undefined disposed:false
1056 http fetch GET 200 https://registry.npmjs.org/math-intrinsics 880ms (cache miss)
1057 silly packumentCache full:https://registry.npmjs.org/math-intrinsics set size:undefined disposed:false
1058 http fetch GET 200 https://registry.npmjs.org/has-symbols 2533ms (cache miss)
1059 silly packumentCache full:https://registry.npmjs.org/has-symbols set size:undefined disposed:false
1060 http fetch GET 200 https://registry.npmjs.org/es-object-atoms 3471ms (cache miss)
1061 silly packumentCache full:https://registry.npmjs.org/es-object-atoms set size:undefined disposed:false
1062 http fetch GET 200 https://registry.npmjs.org/es-define-property 3792ms (cache miss)
1063 silly packumentCache full:https://registry.npmjs.org/es-define-property set size:undefined disposed:false
1064 silly placeDep ROOT call-bind-apply-helpers@1.0.2 OK for: get-intrinsic@1.3.0 want: ^1.0.2
1065 silly placeDep ROOT es-define-property@1.0.1 OK for: get-intrinsic@1.3.0 want: ^1.0.1
1066 silly placeDep ROOT es-object-atoms@1.1.1 OK for: get-intrinsic@1.3.0 want: ^1.1.1
1067 silly placeDep ROOT function-bind@1.1.2 OK for: get-intrinsic@1.3.0 want: ^1.1.2
1068 silly placeDep ROOT get-proto@1.0.1 OK for: get-intrinsic@1.3.0 want: ^1.0.1
1069 silly placeDep ROOT gopd@1.2.0 OK for: get-intrinsic@1.3.0 want: ^1.2.0
1070 silly placeDep ROOT has-symbols@1.1.0 OK for: get-intrinsic@1.3.0 want: ^1.1.0
1071 silly placeDep ROOT math-intrinsics@1.1.0 OK for: get-intrinsic@1.3.0 want: ^1.1.0
1072 silly fetch manifest dunder-proto@^1.0.1
1073 silly packumentCache full:https://registry.npmjs.org/dunder-proto cache-miss
1074 http fetch GET 200 https://registry.npmjs.org/dunder-proto 871ms (cache miss)
1075 silly packumentCache full:https://registry.npmjs.org/dunder-proto set size:undefined disposed:false
1076 silly placeDep ROOT dunder-proto@1.0.1 OK for: get-proto@1.0.1 want: ^1.0.1
1077 silly placeDep ROOT type-fest@0.20.2 OK for: globals@13.24.0 want: ^0.20.2
1078 silly placeDep ROOT array-union@2.1.0 OK for: globby@11.1.0 want: ^2.1.0
1079 silly placeDep ROOT dir-glob@3.0.1 OK for: globby@11.1.0 want: ^3.0.1
1080 silly placeDep ROOT fast-glob@3.3.3 OK for: globby@11.1.0 want: ^3.2.9
1081 silly placeDep ROOT merge2@1.4.1 OK for: globby@11.1.0 want: ^1.4.1
1082 silly placeDep ROOT slash@3.0.0 OK for: globby@11.1.0 want: ^3.0.0
1083 silly fetch manifest path-type@^4.0.0
1084 silly packumentCache full:https://registry.npmjs.org/path-type cache-miss
1085 silly fetch manifest glob-parent@^5.1.2
1086 silly packumentCache full:https://registry.npmjs.org/glob-parent cache-miss
1087 silly fetch manifest merge2@^1.3.0
1088 silly packumentCache full:https://registry.npmjs.org/merge2 cache-miss
1089 silly fetch manifest micromatch@^4.0.8
1090 silly packumentCache full:https://registry.npmjs.org/micromatch cache-miss
1091 http cache https://registry.npmjs.org/merge2 26ms (cache hit)
1092 silly packumentCache full:https://registry.npmjs.org/merge2 set size:46159 disposed:false
1093 http cache https://registry.npmjs.org/glob-parent 31ms (cache hit)
1094 silly packumentCache full:https://registry.npmjs.org/glob-parent set size:42445 disposed:false
1095 http fetch GET 200 https://registry.npmjs.org/path-type 911ms (cache miss)
1096 silly packumentCache full:https://registry.npmjs.org/path-type set size:undefined disposed:false
1097 http fetch GET 200 https://registry.npmjs.org/micromatch 2778ms (cache miss)
1098 silly packumentCache full:https://registry.npmjs.org/micromatch set size:undefined disposed:false
1099 silly placeDep ROOT path-type@4.0.0 OK for: dir-glob@3.0.1 want: ^4.0.0
1100 silly placeDep node_modules/fast-glob glob-parent@5.1.2 OK for: fast-glob@3.3.3 want: ^5.1.2
1101 silly placeDep ROOT micromatch@4.0.8 OK for: fast-glob@3.3.3 want: ^4.0.8
1102 silly fetch manifest braces@^3.0.3
1103 silly packumentCache full:https://registry.npmjs.org/braces cache-miss
1104 silly fetch manifest picomatch@^2.3.1
1105 silly packumentCache full:https://registry.npmjs.org/picomatch cache-miss
1106 http fetch GET 200 https://registry.npmjs.org/picomatch 512ms (cache miss)
1107 silly packumentCache full:https://registry.npmjs.org/picomatch set size:undefined disposed:false
1108 http fetch GET 200 https://registry.npmjs.org/braces 2084ms (cache miss)
1109 silly packumentCache full:https://registry.npmjs.org/braces set size:undefined disposed:false
1110 silly placeDep ROOT parent-module@1.0.1 OK for: import-fresh@3.3.1 want: ^1.0.0
1111 silly placeDep ROOT resolve-from@4.0.0 OK for: import-fresh@3.3.1 want: ^4.0.0
1112 silly fetch manifest callsites@^3.0.0
1113 silly packumentCache full:https://registry.npmjs.org/callsites cache-miss
1114 http fetch GET 200 https://registry.npmjs.org/callsites 1870ms (cache miss)
1115 silly packumentCache full:https://registry.npmjs.org/callsites set size:undefined disposed:false
1116 silly placeDep ROOT is-extglob@2.1.1 OK for: is-glob@4.0.3 want: ^2.1.1
1117 silly placeDep ROOT argparse@2.0.1 OK for: js-yaml@4.1.1 want: ^2.0.1
1118 silly placeDep ROOT json-buffer@3.0.1 OK for: keyv@4.5.4 want: 3.0.1
1119 silly placeDep ROOT prelude-ls@1.2.1 OK for: levn@0.4.1 want: ^1.2.1
1120 silly placeDep ROOT type-check@0.4.0 OK for: levn@0.4.1 want: ~0.4.0
1121 silly placeDep ROOT p-locate@5.0.0 OK for: locate-path@6.0.0 want: ^5.0.0
1122 silly fetch manifest p-limit@^3.0.2
1123 silly packumentCache full:https://registry.npmjs.org/p-limit cache-miss
1124 http fetch GET 200 https://registry.npmjs.org/p-limit 955ms (cache miss)
1125 silly packumentCache full:https://registry.npmjs.org/p-limit set size:undefined disposed:false
1126 silly placeDep ROOT braces@3.0.3 OK for: micromatch@4.0.8 want: ^3.0.3
1127 silly placeDep ROOT picomatch@2.3.1 OK for: micromatch@4.0.8 want: ^2.3.1
1128 silly fetch manifest fill-range@^7.1.1
1129 silly packumentCache full:https://registry.npmjs.org/fill-range cache-miss
1130 http fetch GET 200 https://registry.npmjs.org/fill-range 1956ms (cache miss)
1131 silly packumentCache full:https://registry.npmjs.org/fill-range set size:undefined disposed:false
1132 silly placeDep ROOT fill-range@7.1.1 OK for: braces@3.0.3 want: ^7.1.1
1133 silly fetch manifest to-regex-range@^5.0.1
1134 silly packumentCache full:https://registry.npmjs.org/to-regex-range cache-miss
1135 http fetch GET 200 https://registry.npmjs.org/to-regex-range 930ms (cache miss)
1136 silly packumentCache full:https://registry.npmjs.org/to-regex-range set size:undefined disposed:false
1137 silly placeDep ROOT to-regex-range@5.0.1 OK for: fill-range@7.1.1 want: ^5.0.1
1138 silly fetch manifest is-number@^7.0.0
1139 silly packumentCache full:https://registry.npmjs.org/is-number cache-miss
1140 http fetch GET 200 https://registry.npmjs.org/is-number 1707ms (cache miss)
1141 silly packumentCache full:https://registry.npmjs.org/is-number set size:undefined disposed:false
1142 silly placeDep ROOT mime-db@1.52.0 OK for: mime-types@2.1.35 want: 1.52.0
1143 silly placeDep ROOT brace-expansion@2.0.2 OK for: minimatch@9.0.3 want: ^2.0.1
1144 silly fetch manifest balanced-match@^1.0.0
1145 silly packumentCache full:https://registry.npmjs.org/balanced-match cache-miss
1146 http fetch GET 200 https://registry.npmjs.org/balanced-match 699ms (cache miss)
1147 silly packumentCache full:https://registry.npmjs.org/balanced-match set size:undefined disposed:false
1148 silly placeDep ROOT balanced-match@1.0.2 OK for: brace-expansion@2.0.2 want: ^1.0.0
1149 silly placeDep ROOT boolbase@1.0.0 OK for: nth-check@2.1.1 want: ^1.0.0
1150 silly placeDep ROOT deep-is@0.1.4 OK for: optionator@0.9.4 want: ^0.1.3
1151 silly placeDep ROOT fast-levenshtein@2.0.6 OK for: optionator@0.9.4 want: ^2.0.6
1152 silly placeDep ROOT word-wrap@1.2.5 OK for: optionator@0.9.4 want: ^1.2.5
1153 silly placeDep ROOT p-limit@3.1.0 OK for: p-locate@5.0.0 want: ^3.0.2
1154 silly fetch manifest yocto-queue@^0.1.0
1155 silly packumentCache full:https://registry.npmjs.org/yocto-queue cache-miss
1156 http fetch GET 200 https://registry.npmjs.org/yocto-queue 1310ms (cache miss)
1157 silly packumentCache full:https://registry.npmjs.org/yocto-queue set size:undefined disposed:false
1158 silly placeDep ROOT yocto-queue@0.1.0 OK for: p-limit@3.1.0 want: ^0.1.0
1159 silly placeDep ROOT callsites@3.1.0 OK for: parent-module@1.0.1 want: ^3.0.0
1160 silly fetch manifest vue@^2.7.0 || ^3.5.11
1161 silly packumentCache full:https://registry.npmjs.org/vue cache-miss
1162 http fetch GET 200 https://registry.npmjs.org/vue 213ms (cache revalidated)
1163 silly packumentCache full:https://registry.npmjs.org/vue set size:2001600 disposed:false
1164 silly fetch manifest typescript@>=4.4.4
1165 silly packumentCache full:https://registry.npmjs.org/typescript cache-miss
1166 http cache https://registry.npmjs.org/typescript 56ms (cache hit)
1167 silly packumentCache full:https://registry.npmjs.org/typescript set size:15291437 disposed:false
1168 silly placeDep ROOT @vue/devtools-api@6.6.4 OK for: pinia@2.3.1 want: ^6.6.3
1169 silly placeDep ROOT vue-demi@0.14.10 OK for: pinia@2.3.1 want: ^0.14.10
1170 silly placeDep ROOT cssesc@3.0.0 OK for: postcss-selector-parser@6.1.2 want: ^3.0.0
1171 silly placeDep ROOT util-deprecate@1.0.2 OK for: postcss-selector-parser@6.1.2 want: ^1.0.2
1172 silly placeDep ROOT glob@7.2.3 OK for: rimraf@3.0.2 want: ^7.1.3
1173 silly fetch manifest once@^1.3.0
1174 silly packumentCache full:https://registry.npmjs.org/once cache-miss
1175 silly fetch manifest inflight@^1.0.4
1176 silly packumentCache full:https://registry.npmjs.org/inflight cache-miss
1177 silly fetch manifest inherits@2
1178 silly packumentCache full:https://registry.npmjs.org/inherits cache-miss
1179 silly fetch manifest minimatch@^3.1.1
1180 silly packumentCache full:https://registry.npmjs.org/minimatch cache-hit
1181 silly fetch manifest fs.realpath@^1.0.0
1182 silly packumentCache full:https://registry.npmjs.org/fs.realpath cache-miss
1183 silly fetch manifest path-is-absolute@^1.0.0
1184 silly packumentCache full:https://registry.npmjs.org/path-is-absolute cache-miss
1185 http fetch GET 200 https://registry.npmjs.org/fs.realpath 272ms (cache miss)
1186 silly packumentCache full:https://registry.npmjs.org/fs.realpath set size:undefined disposed:false
1187 http fetch GET 200 https://registry.npmjs.org/inherits 274ms (cache miss)
1188 silly packumentCache full:https://registry.npmjs.org/inherits set size:undefined disposed:false
1189 http fetch GET 200 https://registry.npmjs.org/path-is-absolute 354ms (cache miss)
1190 silly packumentCache full:https://registry.npmjs.org/path-is-absolute set size:undefined disposed:false
1191 http fetch GET 200 https://registry.npmjs.org/inflight 417ms (cache miss)
1192 silly packumentCache full:https://registry.npmjs.org/inflight set size:undefined disposed:false
1193 http fetch GET 200 https://registry.npmjs.org/once 3282ms (cache miss)
1194 silly packumentCache full:https://registry.npmjs.org/once set size:undefined disposed:false
1195 silly placeDep ROOT fs.realpath@1.0.0 OK for: glob@7.2.3 want: ^1.0.0
1196 silly placeDep ROOT inflight@1.0.6 OK for: glob@7.2.3 want: ^1.0.4
1197 silly placeDep ROOT inherits@2.0.4 OK for: glob@7.2.3 want: 2
1198 silly placeDep node_modules/glob minimatch@3.1.5 OK for: glob@7.2.3 want: ^3.1.1
1199 silly placeDep ROOT once@1.4.0 OK for: glob@7.2.3 want: ^1.3.0
1200 silly placeDep ROOT path-is-absolute@1.0.1 OK for: glob@7.2.3 want: ^1.0.0
1201 silly fetch manifest wrappy@1
1202 silly packumentCache full:https://registry.npmjs.org/wrappy cache-miss
1203 silly fetch manifest wrappy@1
1204 silly packumentCache full:https://registry.npmjs.org/wrappy cache-miss
1205 http fetch GET 200 https://registry.npmjs.org/wrappy 899ms (cache miss)
1206 silly packumentCache full:https://registry.npmjs.org/wrappy set size:undefined disposed:false
1207 http fetch GET 200 https://registry.npmjs.org/wrappy 1056ms (cache miss)
1208 silly packumentCache full:https://registry.npmjs.org/wrappy set size:undefined disposed:false
1209 silly placeDep ROOT wrappy@1.0.2 OK for: inflight@1.0.6 want: 1
1210 silly placeDep ROOT queue-microtask@1.2.3 OK for: run-parallel@1.2.0 want: ^1.2.2
1211 silly placeDep ROOT @parcel/watcher@2.5.6 OK for: sass@1.97.3 want: ^2.4.1
1212 silly placeDep ROOT chokidar@4.0.3 OK for: sass@1.97.3 want: ^4.0.0
1213 silly placeDep ROOT immutable@5.1.4 OK for: sass@1.97.3 want: ^5.0.2
1214 silly placeDep ROOT source-map-js@1.2.1 OK for: sass@1.97.3 want: >=0.6.2 <2.0.0
1215 silly fetch manifest detect-libc@^2.0.3
1216 silly packumentCache full:https://registry.npmjs.org/detect-libc cache-miss
1217 silly fetch manifest node-addon-api@^7.0.0
1218 silly packumentCache full:https://registry.npmjs.org/node-addon-api cache-miss
1219 silly fetch manifest picomatch@^4.0.3
1220 silly packumentCache full:https://registry.npmjs.org/picomatch cache-miss
1221 silly fetch manifest @parcel/watcher-darwin-x64@2.5.6
1222 silly packumentCache full:https://registry.npmjs.org/@parcel%2fwatcher-darwin-x64 cache-miss
1223 silly fetch manifest @parcel/watcher-darwin-arm64@2.5.6
1224 silly packumentCache full:https://registry.npmjs.org/@parcel%2fwatcher-darwin-arm64 cache-miss
1225 silly fetch manifest @parcel/watcher-win32-x64@2.5.6
1226 silly packumentCache full:https://registry.npmjs.org/@parcel%2fwatcher-win32-x64 cache-miss
1227 silly fetch manifest @parcel/watcher-win32-arm64@2.5.6
1228 silly packumentCache full:https://registry.npmjs.org/@parcel%2fwatcher-win32-arm64 cache-miss
1229 silly fetch manifest @parcel/watcher-win32-ia32@2.5.6
1230 silly packumentCache full:https://registry.npmjs.org/@parcel%2fwatcher-win32-ia32 cache-miss
1231 silly fetch manifest @parcel/watcher-linux-x64-glibc@2.5.6
1232 silly packumentCache full:https://registry.npmjs.org/@parcel%2fwatcher-linux-x64-glibc cache-miss
1233 silly fetch manifest @parcel/watcher-linux-x64-musl@2.5.6
1234 silly packumentCache full:https://registry.npmjs.org/@parcel%2fwatcher-linux-x64-musl cache-miss
1235 silly fetch manifest @parcel/watcher-linux-arm64-glibc@2.5.6
1236 silly packumentCache full:https://registry.npmjs.org/@parcel%2fwatcher-linux-arm64-glibc cache-miss
1237 silly fetch manifest @parcel/watcher-linux-arm64-musl@2.5.6
1238 silly packumentCache full:https://registry.npmjs.org/@parcel%2fwatcher-linux-arm64-musl cache-miss
1239 silly fetch manifest @parcel/watcher-linux-arm-glibc@2.5.6
1240 silly packumentCache full:https://registry.npmjs.org/@parcel%2fwatcher-linux-arm-glibc cache-miss
1241 silly fetch manifest @parcel/watcher-linux-arm-musl@2.5.6
1242 silly packumentCache full:https://registry.npmjs.org/@parcel%2fwatcher-linux-arm-musl cache-miss
1243 silly fetch manifest @parcel/watcher-android-arm64@2.5.6
1244 silly packumentCache full:https://registry.npmjs.org/@parcel%2fwatcher-android-arm64 cache-miss
1245 http cache https://registry.npmjs.org/picomatch 37ms (cache hit)
1246 silly packumentCache full:https://registry.npmjs.org/picomatch set size:118818 disposed:false
1247 silly fetch manifest @parcel/watcher-freebsd-x64@2.5.6
1248 silly packumentCache full:https://registry.npmjs.org/@parcel%2fwatcher-freebsd-x64 cache-miss
1249 http fetch GET 200 https://registry.npmjs.org/@parcel%2fwatcher-linux-arm-glibc 383ms (cache miss)
1250 silly packumentCache full:https://registry.npmjs.org/@parcel%2fwatcher-linux-arm-glibc set size:undefined disposed:false
1251 silly fetch manifest readdirp@^4.0.1
1252 silly packumentCache full:https://registry.npmjs.org/readdirp cache-miss
1253 http fetch GET 200 https://registry.npmjs.org/@parcel%2fwatcher-win32-arm64 511ms (cache miss)
1254 silly packumentCache full:https://registry.npmjs.org/@parcel%2fwatcher-win32-arm64 set size:undefined disposed:false
1255 http fetch GET 200 https://registry.npmjs.org/@parcel%2fwatcher-darwin-arm64 544ms (cache miss)
1256 silly packumentCache full:https://registry.npmjs.org/@parcel%2fwatcher-darwin-arm64 set size:undefined disposed:false
1257 http fetch GET 200 https://registry.npmjs.org/@parcel%2fwatcher-freebsd-x64 687ms (cache miss)
1258 silly packumentCache full:https://registry.npmjs.org/@parcel%2fwatcher-freebsd-x64 set size:undefined disposed:false
1259 http fetch GET 200 https://registry.npmjs.org/detect-libc 818ms (cache miss)
1260 silly packumentCache full:https://registry.npmjs.org/detect-libc set size:undefined disposed:false
1261 http fetch GET 200 https://registry.npmjs.org/@parcel%2fwatcher-linux-arm64-musl 900ms (cache miss)
1262 silly packumentCache full:https://registry.npmjs.org/@parcel%2fwatcher-linux-arm64-musl set size:undefined disposed:false
1263 http fetch GET 200 https://registry.npmjs.org/@parcel%2fwatcher-win32-ia32 904ms (cache miss)
1264 silly packumentCache full:https://registry.npmjs.org/@parcel%2fwatcher-win32-ia32 set size:undefined disposed:false
1265 http fetch GET 200 https://registry.npmjs.org/@parcel%2fwatcher-linux-arm-musl 925ms (cache miss)
1266 silly packumentCache full:https://registry.npmjs.org/@parcel%2fwatcher-linux-arm-musl set size:undefined disposed:false
1267 http fetch GET 200 https://registry.npmjs.org/@parcel%2fwatcher-android-arm64 948ms (cache miss)
1268 silly packumentCache full:https://registry.npmjs.org/@parcel%2fwatcher-android-arm64 set size:undefined disposed:false
1269 http fetch GET 200 https://registry.npmjs.org/@parcel%2fwatcher-linux-x64-musl 963ms (cache miss)
1270 silly packumentCache full:https://registry.npmjs.org/@parcel%2fwatcher-linux-x64-musl set size:undefined disposed:false
1271 http fetch GET 200 https://registry.npmjs.org/@parcel%2fwatcher-darwin-x64 1878ms (cache miss)
1272 silly packumentCache full:https://registry.npmjs.org/@parcel%2fwatcher-darwin-x64 set size:undefined disposed:false
1273 http fetch GET 200 https://registry.npmjs.org/@parcel%2fwatcher-linux-x64-glibc 1943ms (cache miss)
1274 silly packumentCache full:https://registry.npmjs.org/@parcel%2fwatcher-linux-x64-glibc set size:undefined disposed:false
1275 http fetch GET 200 https://registry.npmjs.org/@parcel%2fwatcher-linux-arm64-glibc 2008ms (cache miss)
1276 silly packumentCache full:https://registry.npmjs.org/@parcel%2fwatcher-linux-arm64-glibc set size:undefined disposed:false
1277 http fetch GET 200 https://registry.npmjs.org/node-addon-api 2538ms (cache miss)
1278 silly packumentCache full:https://registry.npmjs.org/node-addon-api set size:undefined disposed:false
1279 http fetch GET 200 https://registry.npmjs.org/@parcel%2fwatcher-win32-x64 4457ms (cache miss)
1280 silly packumentCache full:https://registry.npmjs.org/@parcel%2fwatcher-win32-x64 set size:undefined disposed:false
1281 http fetch GET 200 https://registry.npmjs.org/readdirp 4262ms (cache miss)
1282 silly packumentCache full:https://registry.npmjs.org/readdirp set size:undefined disposed:false
1283 silly placeDep ROOT @parcel/watcher-android-arm64@2.5.6 OK for: @parcel/watcher@2.5.6 want: 2.5.6
1284 silly placeDep ROOT @parcel/watcher-darwin-arm64@2.5.6 OK for: @parcel/watcher@2.5.6 want: 2.5.6
1285 silly placeDep ROOT @parcel/watcher-darwin-x64@2.5.6 OK for: @parcel/watcher@2.5.6 want: 2.5.6
1286 silly placeDep ROOT @parcel/watcher-freebsd-x64@2.5.6 OK for: @parcel/watcher@2.5.6 want: 2.5.6
1287 silly placeDep ROOT @parcel/watcher-linux-arm-glibc@2.5.6 OK for: @parcel/watcher@2.5.6 want: 2.5.6
1288 silly placeDep ROOT @parcel/watcher-linux-arm-musl@2.5.6 OK for: @parcel/watcher@2.5.6 want: 2.5.6
1289 silly placeDep ROOT @parcel/watcher-linux-arm64-glibc@2.5.6 OK for: @parcel/watcher@2.5.6 want: 2.5.6
1290 silly placeDep ROOT @parcel/watcher-linux-arm64-musl@2.5.6 OK for: @parcel/watcher@2.5.6 want: 2.5.6
1291 silly placeDep ROOT @parcel/watcher-linux-x64-glibc@2.5.6 OK for: @parcel/watcher@2.5.6 want: 2.5.6
1292 silly placeDep ROOT @parcel/watcher-linux-x64-musl@2.5.6 OK for: @parcel/watcher@2.5.6 want: 2.5.6
1293 silly placeDep ROOT @parcel/watcher-win32-arm64@2.5.6 OK for: @parcel/watcher@2.5.6 want: 2.5.6
1294 silly placeDep ROOT @parcel/watcher-win32-ia32@2.5.6 OK for: @parcel/watcher@2.5.6 want: 2.5.6
1295 silly placeDep ROOT @parcel/watcher-win32-x64@2.5.6 OK for: @parcel/watcher@2.5.6 want: 2.5.6
1296 silly placeDep ROOT detect-libc@2.1.2 OK for: @parcel/watcher@2.5.6 want: ^2.0.3
1297 silly placeDep ROOT node-addon-api@7.1.1 OK for: @parcel/watcher@2.5.6 want: ^7.0.0
1298 silly placeDep node_modules/@parcel/watcher picomatch@4.0.3 OK for: @parcel/watcher@2.5.6 want: ^4.0.3
1299 silly placeDep ROOT readdirp@4.1.2 OK for: chokidar@4.0.3 want: ^4.0.1
1300 silly placeDep ROOT shebang-regex@3.0.0 OK for: shebang-command@2.0.0 want: ^3.0.0
1301 silly placeDep ROOT ansi-regex@5.0.1 OK for: strip-ansi@6.0.1 want: ^5.0.1
1302 silly placeDep ROOT has-flag@4.0.0 OK for: supports-color@7.2.0 want: ^4.0.0
1303 silly placeDep ROOT is-number@7.0.0 OK for: to-regex-range@5.0.1 want: ^7.0.0
1304 silly placeDep ROOT punycode@2.3.1 OK for: uri-js@4.4.1 want: ^2.1.0
1305 silly placeDep ROOT esbuild@0.21.5 OK for: vite@5.4.21 want: ^0.21.3
1306 silly placeDep ROOT fsevents@2.3.3 OK for: vite@5.4.21 want: ~2.3.3
1307 silly placeDep ROOT postcss@8.5.6 OK for: vite@5.4.21 want: ^8.4.43
1308 silly placeDep ROOT rollup@4.59.0 OK for: vite@5.4.21 want: ^4.20.0
1309 silly fetch manifest @esbuild/aix-ppc64@0.21.5
1310 silly packumentCache full:https://registry.npmjs.org/@esbuild%2faix-ppc64 cache-miss
1311 silly fetch manifest @esbuild/linux-arm@0.21.5
1312 silly packumentCache full:https://registry.npmjs.org/@esbuild%2flinux-arm cache-miss
1313 silly fetch manifest @esbuild/linux-x64@0.21.5
1314 silly packumentCache full:https://registry.npmjs.org/@esbuild%2flinux-x64 cache-miss
1315 silly fetch manifest @esbuild/sunos-x64@0.21.5
1316 silly packumentCache full:https://registry.npmjs.org/@esbuild%2fsunos-x64 cache-miss
1317 silly fetch manifest @esbuild/win32-x64@0.21.5
1318 silly packumentCache full:https://registry.npmjs.org/@esbuild%2fwin32-x64 cache-miss
1319 silly fetch manifest @esbuild/darwin-x64@0.21.5
1320 silly packumentCache full:https://registry.npmjs.org/@esbuild%2fdarwin-x64 cache-miss
1321 silly fetch manifest @esbuild/linux-ia32@0.21.5
1322 silly packumentCache full:https://registry.npmjs.org/@esbuild%2flinux-ia32 cache-miss
1323 silly fetch manifest @esbuild/netbsd-x64@0.21.5
1324 silly packumentCache full:https://registry.npmjs.org/@esbuild%2fnetbsd-x64 cache-miss
1325 silly fetch manifest @esbuild/win32-ia32@0.21.5
1326 silly packumentCache full:https://registry.npmjs.org/@esbuild%2fwin32-ia32 cache-miss
1327 silly fetch manifest @esbuild/android-arm@0.21.5
1328 silly packumentCache full:https://registry.npmjs.org/@esbuild%2fandroid-arm cache-miss
1329 silly fetch manifest @esbuild/android-x64@0.21.5
1330 silly packumentCache full:https://registry.npmjs.org/@esbuild%2fandroid-x64 cache-miss
1331 silly fetch manifest @esbuild/freebsd-x64@0.21.5
1332 silly packumentCache full:https://registry.npmjs.org/@esbuild%2ffreebsd-x64 cache-miss
1333 silly fetch manifest @esbuild/linux-arm64@0.21.5
1334 silly packumentCache full:https://registry.npmjs.org/@esbuild%2flinux-arm64 cache-miss
1335 silly fetch manifest @esbuild/linux-ppc64@0.21.5
1336 silly packumentCache full:https://registry.npmjs.org/@esbuild%2flinux-ppc64 cache-miss
1337 silly fetch manifest @esbuild/linux-s390x@0.21.5
1338 silly packumentCache full:https://registry.npmjs.org/@esbuild%2flinux-s390x cache-miss
1339 http fetch GET 200 https://registry.npmjs.org/@esbuild%2faix-ppc64 592ms (cache miss)
1340 silly packumentCache full:https://registry.npmjs.org/@esbuild%2faix-ppc64 set size:undefined disposed:false
1341 silly fetch manifest @esbuild/openbsd-x64@0.21.5
1342 silly packumentCache full:https://registry.npmjs.org/@esbuild%2fopenbsd-x64 cache-miss
1343 http fetch GET 200 https://registry.npmjs.org/@esbuild%2flinux-ia32 930ms (cache miss)
1344 silly packumentCache full:https://registry.npmjs.org/@esbuild%2flinux-ia32 set size:undefined disposed:false
1345 silly fetch manifest @esbuild/win32-arm64@0.21.5
1346 silly packumentCache full:https://registry.npmjs.org/@esbuild%2fwin32-arm64 cache-miss
1347 http fetch GET 200 https://registry.npmjs.org/@esbuild%2fandroid-arm 1587ms (cache miss)
1348 silly packumentCache full:https://registry.npmjs.org/@esbuild%2fandroid-arm set size:undefined disposed:false
1349 silly fetch manifest @esbuild/darwin-arm64@0.21.5
1350 silly packumentCache full:https://registry.npmjs.org/@esbuild%2fdarwin-arm64 cache-miss
1351 http fetch GET 200 https://registry.npmjs.org/@esbuild%2fwin32-x64 1639ms (cache miss)
1352 silly packumentCache full:https://registry.npmjs.org/@esbuild%2fwin32-x64 set size:undefined disposed:false
1353 silly fetch manifest @esbuild/android-arm64@0.21.5
1354 silly packumentCache full:https://registry.npmjs.org/@esbuild%2fandroid-arm64 cache-miss
1355 http fetch GET 200 https://registry.npmjs.org/@esbuild%2fwin32-arm64 1197ms (cache miss)
1356 silly packumentCache full:https://registry.npmjs.org/@esbuild%2fwin32-arm64 set size:undefined disposed:false
1357 silly fetch manifest @esbuild/freebsd-arm64@0.21.5
1358 silly packumentCache full:https://registry.npmjs.org/@esbuild%2ffreebsd-arm64 cache-miss
1359 http fetch GET 200 https://registry.npmjs.org/@esbuild%2fsunos-x64 2273ms (cache miss)
1360 silly packumentCache full:https://registry.npmjs.org/@esbuild%2fsunos-x64 set size:undefined disposed:false
1361 silly fetch manifest @esbuild/linux-loong64@0.21.5
1362 silly packumentCache full:https://registry.npmjs.org/@esbuild%2flinux-loong64 cache-miss
1363 http fetch GET 200 https://registry.npmjs.org/@esbuild%2flinux-arm64 2305ms (cache miss)
1364 silly packumentCache full:https://registry.npmjs.org/@esbuild%2flinux-arm64 set size:undefined disposed:false
1365 silly fetch manifest @esbuild/linux-riscv64@0.21.5
1366 silly packumentCache full:https://registry.npmjs.org/@esbuild%2flinux-riscv64 cache-miss
1367 http fetch GET 200 https://registry.npmjs.org/@esbuild%2ffreebsd-x64 2332ms (cache miss)
1368 silly packumentCache full:https://registry.npmjs.org/@esbuild%2ffreebsd-x64 set size:undefined disposed:false
1369 silly fetch manifest @esbuild/linux-mips64el@0.21.5
1370 silly packumentCache full:https://registry.npmjs.org/@esbuild%2flinux-mips64el cache-miss
1371 http fetch GET 200 https://registry.npmjs.org/@esbuild%2fandroid-arm64 1153ms (cache miss)
1372 silly packumentCache full:https://registry.npmjs.org/@esbuild%2fandroid-arm64 set size:undefined disposed:false
1373 silly fetch manifest nanoid@^3.3.11
1374 silly packumentCache full:https://registry.npmjs.org/nanoid cache-miss
1375 http fetch GET 200 https://registry.npmjs.org/@esbuild%2fopenbsd-x64 2328ms (cache miss)
1376 silly packumentCache full:https://registry.npmjs.org/@esbuild%2fopenbsd-x64 set size:undefined disposed:false
1377 silly fetch manifest picocolors@^1.1.1
1378 silly packumentCache full:https://registry.npmjs.org/picocolors cache-miss
1379 http fetch GET 200 https://registry.npmjs.org/@esbuild%2flinux-s390x 2937ms (cache miss)
1380 silly packumentCache full:https://registry.npmjs.org/@esbuild%2flinux-s390x set size:undefined disposed:false
1381 silly fetch manifest @types/estree@1.0.8
1382 silly packumentCache full:https://registry.npmjs.org/@types%2festree cache-miss
1383 http fetch GET 200 https://registry.npmjs.org/@esbuild%2fdarwin-arm64 1355ms (cache miss)
1384 silly packumentCache full:https://registry.npmjs.org/@esbuild%2fdarwin-arm64 set size:undefined disposed:false
1385 silly fetch manifest @rollup/rollup-darwin-arm64@4.59.0
1386 silly packumentCache full:https://registry.npmjs.org/@rollup%2frollup-darwin-arm64 cache-miss
1387 http fetch GET 200 https://registry.npmjs.org/@esbuild%2fwin32-ia32 3310ms (cache miss)
1388 silly packumentCache full:https://registry.npmjs.org/@esbuild%2fwin32-ia32 set size:undefined disposed:false
1389 silly fetch manifest @rollup/rollup-android-arm64@4.59.0
1390 silly packumentCache full:https://registry.npmjs.org/@rollup%2frollup-android-arm64 cache-miss
1391 http fetch GET 200 https://registry.npmjs.org/@esbuild%2ffreebsd-arm64 1391ms (cache miss)
1392 silly packumentCache full:https://registry.npmjs.org/@esbuild%2ffreebsd-arm64 set size:undefined disposed:false
1393 silly fetch manifest @rollup/rollup-win32-arm64-msvc@4.59.0
1394 silly packumentCache full:https://registry.npmjs.org/@rollup%2frollup-win32-arm64-msvc cache-miss
1395 http fetch GET 200 https://registry.npmjs.org/@types%2festree 664ms (cache miss)
1396 silly packumentCache full:https://registry.npmjs.org/@types%2festree set size:undefined disposed:false
1397 silly fetch manifest @rollup/rollup-freebsd-arm64@4.59.0
1398 silly packumentCache full:https://registry.npmjs.org/@rollup%2frollup-freebsd-arm64 cache-miss
1399 http fetch GET 200 https://registry.npmjs.org/@esbuild%2fdarwin-x64 4181ms (cache miss)
1400 silly packumentCache full:https://registry.npmjs.org/@esbuild%2fdarwin-x64 set size:undefined disposed:false
1401 silly fetch manifest @rollup/rollup-linux-arm64-gnu@4.59.0
1402 silly packumentCache full:https://registry.npmjs.org/@rollup%2frollup-linux-arm64-gnu cache-miss
1403 http fetch GET 200 https://registry.npmjs.org/nanoid 1424ms (cache miss)
1404 silly packumentCache full:https://registry.npmjs.org/nanoid set size:undefined disposed:false
1405 silly fetch manifest @rollup/rollup-linux-arm64-musl@4.59.0
1406 silly packumentCache full:https://registry.npmjs.org/@rollup%2frollup-linux-arm64-musl cache-miss
1407 http fetch GET 200 https://registry.npmjs.org/@esbuild%2flinux-arm 4342ms (cache miss)
1408 silly packumentCache full:https://registry.npmjs.org/@esbuild%2flinux-arm set size:undefined disposed:false
1409 silly fetch manifest @rollup/rollup-android-arm-eabi@4.59.0
1410 silly packumentCache full:https://registry.npmjs.org/@rollup%2frollup-android-arm-eabi cache-miss
1411 http fetch GET 200 https://registry.npmjs.org/picocolors 1477ms (cache miss)
1412 silly packumentCache full:https://registry.npmjs.org/picocolors set size:undefined disposed:false
1413 silly fetch manifest @rollup/rollup-linux-arm-gnueabihf@4.59.0
1414 silly packumentCache full:https://registry.npmjs.org/@rollup%2frollup-linux-arm-gnueabihf cache-miss
1415 http fetch GET 200 https://registry.npmjs.org/@esbuild%2flinux-x64 4724ms (cache miss)
1416 silly packumentCache full:https://registry.npmjs.org/@esbuild%2flinux-x64 set size:undefined disposed:false
1417 silly fetch manifest @rollup/rollup-linux-arm-musleabihf@4.59.0
1418 silly packumentCache full:https://registry.npmjs.org/@rollup%2frollup-linux-arm-musleabihf cache-miss
1419 http fetch GET 200 https://registry.npmjs.org/@esbuild%2flinux-mips64el 2543ms (cache miss)
1420 silly packumentCache full:https://registry.npmjs.org/@esbuild%2flinux-mips64el set size:undefined disposed:false
1421 silly fetch manifest @rollup/rollup-win32-ia32-msvc@4.59.0
1422 silly packumentCache full:https://registry.npmjs.org/@rollup%2frollup-win32-ia32-msvc cache-miss
1423 http fetch GET 200 https://registry.npmjs.org/@esbuild%2flinux-loong64 2622ms (cache miss)
1424 silly packumentCache full:https://registry.npmjs.org/@esbuild%2flinux-loong64 set size:undefined disposed:false
1425 silly fetch manifest @rollup/rollup-linux-loong64-gnu@4.59.0
1426 silly packumentCache full:https://registry.npmjs.org/@rollup%2frollup-linux-loong64-gnu cache-miss
1427 http fetch GET 200 https://registry.npmjs.org/@rollup%2frollup-freebsd-arm64 1471ms (cache miss)
1428 silly packumentCache full:https://registry.npmjs.org/@rollup%2frollup-freebsd-arm64 set size:undefined disposed:false
1429 silly fetch manifest @rollup/rollup-linux-loong64-musl@4.59.0
1430 silly packumentCache full:https://registry.npmjs.org/@rollup%2frollup-linux-loong64-musl cache-miss
1431 http fetch GET 200 https://registry.npmjs.org/@rollup%2frollup-win32-arm64-msvc 1796ms (cache miss)
1432 silly packumentCache full:https://registry.npmjs.org/@rollup%2frollup-win32-arm64-msvc set size:undefined disposed:false
1433 silly fetch manifest @rollup/rollup-linux-riscv64-gnu@4.59.0
1434 silly packumentCache full:https://registry.npmjs.org/@rollup%2frollup-linux-riscv64-gnu cache-miss
1435 http fetch GET 200 https://registry.npmjs.org/@rollup%2frollup-linux-loong64-gnu 638ms (cache miss)
1436 silly packumentCache full:https://registry.npmjs.org/@rollup%2frollup-linux-loong64-gnu set size:undefined disposed:false
1437 silly fetch manifest @rollup/rollup-linux-riscv64-musl@4.59.0
1438 silly packumentCache full:https://registry.npmjs.org/@rollup%2frollup-linux-riscv64-musl cache-miss
1439 http fetch GET 200 https://registry.npmjs.org/@rollup%2frollup-linux-loong64-musl 494ms (cache miss)
1440 silly packumentCache full:https://registry.npmjs.org/@rollup%2frollup-linux-loong64-musl set size:undefined disposed:false
1441 silly fetch manifest @rollup/rollup-linux-ppc64-gnu@4.59.0
1442 silly packumentCache full:https://registry.npmjs.org/@rollup%2frollup-linux-ppc64-gnu cache-miss
1443 http fetch GET 200 https://registry.npmjs.org/@esbuild%2flinux-riscv64 3322ms (cache miss)
1444 silly packumentCache full:https://registry.npmjs.org/@esbuild%2flinux-riscv64 set size:undefined disposed:false
1445 silly fetch manifest @rollup/rollup-linux-ppc64-musl@4.59.0
1446 silly packumentCache full:https://registry.npmjs.org/@rollup%2frollup-linux-ppc64-musl cache-miss
1447 http fetch GET 200 https://registry.npmjs.org/@rollup%2frollup-linux-arm64-musl 1695ms (cache miss)
1448 silly packumentCache full:https://registry.npmjs.org/@rollup%2frollup-linux-arm64-musl set size:undefined disposed:false
1449 silly fetch manifest @rollup/rollup-linux-s390x-gnu@4.59.0
1450 silly packumentCache full:https://registry.npmjs.org/@rollup%2frollup-linux-s390x-gnu cache-miss
1451 http fetch GET 200 https://registry.npmjs.org/@rollup%2frollup-linux-arm-gnueabihf 1774ms (cache miss)
1452 silly packumentCache full:https://registry.npmjs.org/@rollup%2frollup-linux-arm-gnueabihf set size:undefined disposed:false
1453 silly fetch manifest @rollup/rollup-darwin-x64@4.59.0
1454 silly packumentCache full:https://registry.npmjs.org/@rollup%2frollup-darwin-x64 cache-miss
1455 http fetch GET 200 https://registry.npmjs.org/@rollup%2frollup-linux-ppc64-gnu 637ms (cache miss)
1456 silly packumentCache full:https://registry.npmjs.org/@rollup%2frollup-linux-ppc64-gnu set size:undefined disposed:false
1457 silly fetch manifest @rollup/rollup-win32-x64-gnu@4.59.0
1458 silly packumentCache full:https://registry.npmjs.org/@rollup%2frollup-win32-x64-gnu cache-miss
1459 http fetch GET 200 https://registry.npmjs.org/@rollup%2frollup-android-arm-eabi 2098ms (cache miss)
1460 silly packumentCache full:https://registry.npmjs.org/@rollup%2frollup-android-arm-eabi set size:undefined disposed:false
1461 silly fetch manifest @rollup/rollup-win32-x64-msvc@4.59.0
1462 silly packumentCache full:https://registry.npmjs.org/@rollup%2frollup-win32-x64-msvc cache-miss
1463 http fetch GET 200 https://registry.npmjs.org/@rollup%2frollup-win32-x64-gnu 355ms (cache miss)
1464 silly packumentCache full:https://registry.npmjs.org/@rollup%2frollup-win32-x64-gnu set size:undefined disposed:false
1465 silly fetch manifest @rollup/rollup-freebsd-x64@4.59.0
1466 silly packumentCache full:https://registry.npmjs.org/@rollup%2frollup-freebsd-x64 cache-miss
1467 http fetch GET 200 https://registry.npmjs.org/@rollup%2frollup-linux-riscv64-gnu 1524ms (cache miss)
1468 silly packumentCache full:https://registry.npmjs.org/@rollup%2frollup-linux-riscv64-gnu set size:undefined disposed:false
1469 silly fetch manifest @rollup/rollup-linux-x64-gnu@4.59.0
1470 silly packumentCache full:https://registry.npmjs.org/@rollup%2frollup-linux-x64-gnu cache-miss
1471 http fetch GET 200 https://registry.npmjs.org/@rollup%2frollup-android-arm64 3567ms (cache miss)
1472 silly packumentCache full:https://registry.npmjs.org/@rollup%2frollup-android-arm64 set size:undefined disposed:false
1473 silly fetch manifest @rollup/rollup-linux-x64-musl@4.59.0
1474 silly packumentCache full:https://registry.npmjs.org/@rollup%2frollup-linux-x64-musl cache-miss
1475 http fetch GET 200 https://registry.npmjs.org/@rollup%2frollup-linux-riscv64-musl 1635ms (cache miss)
1476 silly packumentCache full:https://registry.npmjs.org/@rollup%2frollup-linux-riscv64-musl set size:undefined disposed:false
1477 silly fetch manifest @rollup/rollup-openbsd-x64@4.59.0
1478 silly packumentCache full:https://registry.npmjs.org/@rollup%2frollup-openbsd-x64 cache-miss
1479 http fetch GET 200 https://registry.npmjs.org/@rollup%2frollup-linux-ppc64-musl 1654ms (cache miss)
1480 silly packumentCache full:https://registry.npmjs.org/@rollup%2frollup-linux-ppc64-musl set size:undefined disposed:false
1481 silly fetch manifest @rollup/rollup-openharmony-arm64@4.59.0
1482 silly packumentCache full:https://registry.npmjs.org/@rollup%2frollup-openharmony-arm64 cache-miss
1483 http fetch GET 200 https://registry.npmjs.org/@rollup%2frollup-darwin-arm64 4576ms (cache miss)
1484 silly packumentCache full:https://registry.npmjs.org/@rollup%2frollup-darwin-arm64 set size:undefined disposed:false
1485 http fetch GET 200 https://registry.npmjs.org/@rollup%2frollup-openbsd-x64 458ms (cache miss)
1486 silly packumentCache full:https://registry.npmjs.org/@rollup%2frollup-openbsd-x64 set size:undefined disposed:false
1487 http fetch GET 200 https://registry.npmjs.org/@rollup%2frollup-linux-s390x-gnu 1761ms (cache miss)
1488 silly packumentCache full:https://registry.npmjs.org/@rollup%2frollup-linux-s390x-gnu set size:undefined disposed:false
1489 http fetch GET 200 https://registry.npmjs.org/@rollup%2frollup-darwin-x64 1577ms (cache miss)
1490 silly packumentCache full:https://registry.npmjs.org/@rollup%2frollup-darwin-x64 set size:undefined disposed:false
1491 http fetch GET 200 https://registry.npmjs.org/@rollup%2frollup-linux-arm64-gnu 3677ms (cache miss)
1492 silly packumentCache full:https://registry.npmjs.org/@rollup%2frollup-linux-arm64-gnu set size:undefined disposed:false
1493 http fetch GET 200 https://registry.npmjs.org/@rollup%2frollup-linux-arm-musleabihf 3236ms (cache miss)
1494 silly packumentCache full:https://registry.npmjs.org/@rollup%2frollup-linux-arm-musleabihf set size:undefined disposed:false
1495 http fetch GET 200 https://registry.npmjs.org/@rollup%2frollup-openharmony-arm64 1175ms (cache miss)
1496 silly packumentCache full:https://registry.npmjs.org/@rollup%2frollup-openharmony-arm64 set size:undefined disposed:false
1497 http fetch GET 200 https://registry.npmjs.org/@esbuild%2flinux-ppc64 8575ms (cache miss)
1498 silly packumentCache full:https://registry.npmjs.org/@esbuild%2flinux-ppc64 set size:undefined disposed:false
1499 http fetch GET 200 https://registry.npmjs.org/@rollup%2frollup-win32-ia32-msvc 4072ms (cache miss)
1500 silly packumentCache full:https://registry.npmjs.org/@rollup%2frollup-win32-ia32-msvc set size:undefined disposed:false
1501 http fetch GET 200 https://registry.npmjs.org/@rollup%2frollup-linux-x64-gnu 2248ms (cache miss)
1502 silly packumentCache full:https://registry.npmjs.org/@rollup%2frollup-linux-x64-gnu set size:undefined disposed:false
1503 http fetch GET 200 https://registry.npmjs.org/@rollup%2frollup-win32-x64-msvc 2906ms (cache miss)
1504 silly packumentCache full:https://registry.npmjs.org/@rollup%2frollup-win32-x64-msvc set size:undefined disposed:false
1505 http fetch GET 200 https://registry.npmjs.org/@esbuild%2fnetbsd-x64 10210ms (cache miss)
1506 silly packumentCache full:https://registry.npmjs.org/@esbuild%2fnetbsd-x64 set size:undefined disposed:false
1507 http fetch GET 200 https://registry.npmjs.org/@rollup%2frollup-freebsd-x64 3751ms (cache miss)
1508 silly packumentCache full:https://registry.npmjs.org/@rollup%2frollup-freebsd-x64 set size:undefined disposed:false
1509 http fetch GET 200 https://registry.npmjs.org/@rollup%2frollup-linux-x64-musl 3921ms (cache miss)
1510 silly packumentCache full:https://registry.npmjs.org/@rollup%2frollup-linux-x64-musl set size:undefined disposed:false
1511 http fetch GET 200 https://registry.npmjs.org/@esbuild%2fandroid-x64 15490ms (cache miss)
1512 silly packumentCache full:https://registry.npmjs.org/@esbuild%2fandroid-x64 set size:undefined disposed:false
1513 silly placeDep ROOT @esbuild/aix-ppc64@0.21.5 OK for: esbuild@0.21.5 want: 0.21.5
1514 silly placeDep ROOT @esbuild/android-arm@0.21.5 OK for: esbuild@0.21.5 want: 0.21.5
1515 silly placeDep ROOT @esbuild/android-arm64@0.21.5 OK for: esbuild@0.21.5 want: 0.21.5
1516 silly placeDep ROOT @esbuild/android-x64@0.21.5 OK for: esbuild@0.21.5 want: 0.21.5
1517 silly placeDep ROOT @esbuild/darwin-arm64@0.21.5 OK for: esbuild@0.21.5 want: 0.21.5
1518 silly placeDep ROOT @esbuild/darwin-x64@0.21.5 OK for: esbuild@0.21.5 want: 0.21.5
1519 silly placeDep ROOT @esbuild/freebsd-arm64@0.21.5 OK for: esbuild@0.21.5 want: 0.21.5
1520 silly placeDep ROOT @esbuild/freebsd-x64@0.21.5 OK for: esbuild@0.21.5 want: 0.21.5
1521 silly placeDep ROOT @esbuild/linux-arm@0.21.5 OK for: esbuild@0.21.5 want: 0.21.5
1522 silly placeDep ROOT @esbuild/linux-arm64@0.21.5 OK for: esbuild@0.21.5 want: 0.21.5
1523 silly placeDep ROOT @esbuild/linux-ia32@0.21.5 OK for: esbuild@0.21.5 want: 0.21.5
1524 silly placeDep ROOT @esbuild/linux-loong64@0.21.5 OK for: esbuild@0.21.5 want: 0.21.5
1525 silly placeDep ROOT @esbuild/linux-mips64el@0.21.5 OK for: esbuild@0.21.5 want: 0.21.5
1526 silly placeDep ROOT @esbuild/linux-ppc64@0.21.5 OK for: esbuild@0.21.5 want: 0.21.5
1527 silly placeDep ROOT @esbuild/linux-riscv64@0.21.5 OK for: esbuild@0.21.5 want: 0.21.5
1528 silly placeDep ROOT @esbuild/linux-s390x@0.21.5 OK for: esbuild@0.21.5 want: 0.21.5
1529 silly placeDep ROOT @esbuild/linux-x64@0.21.5 OK for: esbuild@0.21.5 want: 0.21.5
1530 silly placeDep ROOT @esbuild/netbsd-x64@0.21.5 OK for: esbuild@0.21.5 want: 0.21.5
1531 silly placeDep ROOT @esbuild/openbsd-x64@0.21.5 OK for: esbuild@0.21.5 want: 0.21.5
1532 silly placeDep ROOT @esbuild/sunos-x64@0.21.5 OK for: esbuild@0.21.5 want: 0.21.5
1533 silly placeDep ROOT @esbuild/win32-arm64@0.21.5 OK for: esbuild@0.21.5 want: 0.21.5
1534 silly placeDep ROOT @esbuild/win32-ia32@0.21.5 OK for: esbuild@0.21.5 want: 0.21.5
1535 silly placeDep ROOT @esbuild/win32-x64@0.21.5 OK for: esbuild@0.21.5 want: 0.21.5
1536 silly placeDep ROOT nanoid@3.3.11 OK for: postcss@8.5.6 want: ^3.3.11
1537 silly placeDep ROOT picocolors@1.1.1 OK for: postcss@8.5.6 want: ^1.1.1
1538 silly placeDep ROOT @rollup/rollup-android-arm-eabi@4.59.0 OK for: rollup@4.59.0 want: 4.59.0
1539 silly placeDep ROOT @rollup/rollup-android-arm64@4.59.0 OK for: rollup@4.59.0 want: 4.59.0
1540 silly placeDep ROOT @rollup/rollup-darwin-arm64@4.59.0 OK for: rollup@4.59.0 want: 4.59.0
1541 silly placeDep ROOT @rollup/rollup-darwin-x64@4.59.0 OK for: rollup@4.59.0 want: 4.59.0
1542 silly placeDep ROOT @rollup/rollup-freebsd-arm64@4.59.0 OK for: rollup@4.59.0 want: 4.59.0
1543 silly placeDep ROOT @rollup/rollup-freebsd-x64@4.59.0 OK for: rollup@4.59.0 want: 4.59.0
1544 silly placeDep ROOT @rollup/rollup-linux-arm-gnueabihf@4.59.0 OK for: rollup@4.59.0 want: 4.59.0
1545 silly placeDep ROOT @rollup/rollup-linux-arm-musleabihf@4.59.0 OK for: rollup@4.59.0 want: 4.59.0
1546 silly placeDep ROOT @rollup/rollup-linux-arm64-gnu@4.59.0 OK for: rollup@4.59.0 want: 4.59.0
1547 silly placeDep ROOT @rollup/rollup-linux-arm64-musl@4.59.0 OK for: rollup@4.59.0 want: 4.59.0
1548 silly placeDep ROOT @rollup/rollup-linux-loong64-gnu@4.59.0 OK for: rollup@4.59.0 want: 4.59.0
1549 silly placeDep ROOT @rollup/rollup-linux-loong64-musl@4.59.0 OK for: rollup@4.59.0 want: 4.59.0
1550 silly placeDep ROOT @rollup/rollup-linux-ppc64-gnu@4.59.0 OK for: rollup@4.59.0 want: 4.59.0
1551 silly placeDep ROOT @rollup/rollup-linux-ppc64-musl@4.59.0 OK for: rollup@4.59.0 want: 4.59.0
1552 silly placeDep ROOT @rollup/rollup-linux-riscv64-gnu@4.59.0 OK for: rollup@4.59.0 want: 4.59.0
1553 silly placeDep ROOT @rollup/rollup-linux-riscv64-musl@4.59.0 OK for: rollup@4.59.0 want: 4.59.0
1554 silly placeDep ROOT @rollup/rollup-linux-s390x-gnu@4.59.0 OK for: rollup@4.59.0 want: 4.59.0
1555 silly placeDep ROOT @rollup/rollup-linux-x64-gnu@4.59.0 OK for: rollup@4.59.0 want: 4.59.0
1556 silly placeDep ROOT @rollup/rollup-linux-x64-musl@4.59.0 OK for: rollup@4.59.0 want: 4.59.0
1557 silly placeDep ROOT @rollup/rollup-openbsd-x64@4.59.0 OK for: rollup@4.59.0 want: 4.59.0
1558 silly placeDep ROOT @rollup/rollup-openharmony-arm64@4.59.0 OK for: rollup@4.59.0 want: 4.59.0
1559 silly placeDep ROOT @rollup/rollup-win32-arm64-msvc@4.59.0 OK for: rollup@4.59.0 want: 4.59.0
1560 silly placeDep ROOT @rollup/rollup-win32-ia32-msvc@4.59.0 OK for: rollup@4.59.0 want: 4.59.0
1561 silly placeDep ROOT @rollup/rollup-win32-x64-gnu@4.59.0 OK for: rollup@4.59.0 want: 4.59.0
1562 silly placeDep ROOT @rollup/rollup-win32-x64-msvc@4.59.0 OK for: rollup@4.59.0 want: 4.59.0
1563 silly placeDep ROOT @types/estree@1.0.8 OK for: rollup@4.59.0 want: 1.0.8
1564 silly fetch manifest vue@3.5.29
1565 silly packumentCache full:https://registry.npmjs.org/vue cache-miss
1566 http cache https://registry.npmjs.org/vue 29ms (cache hit)
1567 silly packumentCache full:https://registry.npmjs.org/vue set size:2001600 disposed:false
1568 silly fetch manifest typescript@*
1569 silly packumentCache full:https://registry.npmjs.org/typescript cache-miss
1570 http cache https://registry.npmjs.org/typescript 67ms (cache hit)
1571 silly packumentCache full:https://registry.npmjs.org/typescript set size:15291437 disposed:false
1572 silly placeDep ROOT @vue/compiler-dom@3.5.29 OK for: vue@3.5.29 want: 3.5.29
1573 silly placeDep ROOT @vue/compiler-sfc@3.5.29 OK for: vue@3.5.29 want: 3.5.29
1574 silly placeDep ROOT @vue/runtime-dom@3.5.29 OK for: vue@3.5.29 want: 3.5.29
1575 silly placeDep ROOT @vue/server-renderer@3.5.29 OK for: vue@3.5.29 want: 3.5.29
1576 silly placeDep ROOT @vue/shared@3.5.29 OK for: vue@3.5.29 want: 3.5.29
1577 silly fetch manifest @vue/compiler-core@3.5.29
1578 silly packumentCache full:https://registry.npmjs.org/@vue%2fcompiler-core cache-miss
1579 silly fetch manifest @babel/parser@^7.29.0
1580 silly packumentCache full:https://registry.npmjs.org/@babel%2fparser cache-miss
1581 silly fetch manifest estree-walker@^2.0.2
1582 silly packumentCache full:https://registry.npmjs.org/estree-walker cache-miss
1583 silly fetch manifest magic-string@^0.30.21
1584 silly packumentCache full:https://registry.npmjs.org/magic-string cache-miss
1585 silly fetch manifest @vue/compiler-ssr@3.5.29
1586 silly packumentCache full:https://registry.npmjs.org/@vue%2fcompiler-ssr cache-miss
1587 silly fetch manifest @vue/compiler-core@3.5.29
1588 silly packumentCache full:https://registry.npmjs.org/@vue%2fcompiler-core cache-miss
1589 silly fetch manifest csstype@^3.2.3
1590 silly packumentCache full:https://registry.npmjs.org/csstype cache-miss
1591 silly fetch manifest @vue/runtime-core@3.5.29
1592 silly packumentCache full:https://registry.npmjs.org/@vue%2fruntime-core cache-miss
1593 silly fetch manifest @vue/reactivity@3.5.29
1594 silly packumentCache full:https://registry.npmjs.org/@vue%2freactivity cache-miss
1595 silly fetch manifest @vue/compiler-ssr@3.5.29
1596 silly packumentCache full:https://registry.npmjs.org/@vue%2fcompiler-ssr cache-miss
1597 http fetch GET 200 https://registry.npmjs.org/estree-walker 588ms (cache miss)
1598 silly packumentCache full:https://registry.npmjs.org/estree-walker set size:undefined disposed:false
1599 http fetch GET 200 https://registry.npmjs.org/@vue%2fruntime-core 855ms (cache revalidated)
1600 silly packumentCache full:https://registry.npmjs.org/@vue%2fruntime-core set size:772685 disposed:false
1601 http fetch GET 200 https://registry.npmjs.org/magic-string 1762ms (cache miss)
1602 silly packumentCache full:https://registry.npmjs.org/magic-string set size:undefined disposed:false
1603 http fetch GET 200 https://registry.npmjs.org/csstype 4556ms (cache miss)
1604 silly packumentCache full:https://registry.npmjs.org/csstype set size:undefined disposed:false
1605 http fetch GET 200 https://registry.npmjs.org/@babel%2fparser 6379ms (cache miss)
1606 silly packumentCache full:https://registry.npmjs.org/@babel%2fparser set size:undefined disposed:false
1607 http fetch GET 200 https://registry.npmjs.org/@vue%2fcompiler-core 7605ms (cache miss)
1608 silly packumentCache full:https://registry.npmjs.org/@vue%2fcompiler-core set size:undefined disposed:false
1609 http fetch GET 200 https://registry.npmjs.org/@vue%2fcompiler-core 8150ms (cache miss)
1610 silly packumentCache full:https://registry.npmjs.org/@vue%2fcompiler-core set size:undefined disposed:false
1611 http fetch GET 200 https://registry.npmjs.org/@vue%2fcompiler-ssr 13350ms (cache miss)
1612 silly packumentCache full:https://registry.npmjs.org/@vue%2fcompiler-ssr set size:undefined disposed:false
1613 http fetch GET 200 https://registry.npmjs.org/@vue%2fcompiler-ssr 14066ms (cache miss)
1614 silly packumentCache full:https://registry.npmjs.org/@vue%2fcompiler-ssr set size:undefined disposed:false
1615 http fetch GET 200 https://registry.npmjs.org/@vue%2freactivity 33578ms (cache miss)
1616 silly packumentCache full:https://registry.npmjs.org/@vue%2freactivity set size:undefined disposed:false
1617 silly placeDep ROOT @vue/compiler-core@3.5.29 OK for: @vue/compiler-dom@3.5.29 want: 3.5.29
1618 silly fetch manifest entities@^7.0.1
1619 silly packumentCache full:https://registry.npmjs.org/entities cache-miss
1620 http fetch GET 200 https://registry.npmjs.org/entities 1739ms (cache miss)
1621 silly packumentCache full:https://registry.npmjs.org/entities set size:undefined disposed:false
1622 silly placeDep ROOT @babel/parser@7.29.0 OK for: @vue/compiler-core@3.5.29 want: ^7.29.0
1623 silly placeDep ROOT entities@7.0.1 OK for: @vue/compiler-core@3.5.29 want: ^7.0.1
1624 silly placeDep ROOT estree-walker@2.0.2 OK for: @vue/compiler-core@3.5.29 want: ^2.0.2
1625 silly fetch manifest @babel/types@^7.29.0
1626 silly packumentCache full:https://registry.npmjs.org/@babel%2ftypes cache-miss
1627 http fetch GET 200 https://registry.npmjs.org/@babel%2ftypes 15415ms (cache miss)
1628 silly packumentCache full:https://registry.npmjs.org/@babel%2ftypes set size:undefined disposed:false
1629 silly placeDep ROOT @babel/types@7.29.0 OK for: @babel/parser@7.29.0 want: ^7.29.0
1630 silly fetch manifest @babel/helper-string-parser@^7.27.1
1631 silly packumentCache full:https://registry.npmjs.org/@babel%2fhelper-string-parser cache-miss
1632 silly fetch manifest @babel/helper-validator-identifier@^7.28.5
1633 silly packumentCache full:https://registry.npmjs.org/@babel%2fhelper-validator-identifier cache-miss
1634 http fetch GET 200 https://registry.npmjs.org/@babel%2fhelper-string-parser 1946ms (cache miss)
1635 silly packumentCache full:https://registry.npmjs.org/@babel%2fhelper-string-parser set size:undefined disposed:false
1636 http fetch GET 200 https://registry.npmjs.org/@babel%2fhelper-validator-identifier 2866ms (cache miss)
1637 silly packumentCache full:https://registry.npmjs.org/@babel%2fhelper-validator-identifier set size:undefined disposed:false
1638 silly placeDep ROOT @babel/helper-string-parser@7.27.1 OK for: @babel/types@7.29.0 want: ^7.27.1
1639 silly placeDep ROOT @babel/helper-validator-identifier@7.28.5 OK for: @babel/types@7.29.0 want: ^7.28.5
1640 silly placeDep ROOT @vue/compiler-ssr@3.5.29 OK for: @vue/compiler-sfc@3.5.29 want: 3.5.29
1641 silly placeDep ROOT magic-string@0.30.21 OK for: @vue/compiler-sfc@3.5.29 want: ^0.30.21
1642 silly fetch manifest @jridgewell/sourcemap-codec@^1.5.5
1643 silly packumentCache full:https://registry.npmjs.org/@jridgewell%2fsourcemap-codec cache-miss
1644 http fetch GET 200 https://registry.npmjs.org/@jridgewell%2fsourcemap-codec 5414ms (cache miss)
1645 silly packumentCache full:https://registry.npmjs.org/@jridgewell%2fsourcemap-codec set size:undefined disposed:false
1646 silly placeDep ROOT @vue/reactivity@3.5.29 OK for: @vue/runtime-dom@3.5.29 want: 3.5.29
1647 silly placeDep ROOT @vue/runtime-core@3.5.29 OK for: @vue/runtime-dom@3.5.29 want: 3.5.29
1648 silly placeDep ROOT csstype@3.2.3 OK for: @vue/runtime-dom@3.5.29 want: ^3.2.3
1649 silly placeDep ROOT @jridgewell/sourcemap-codec@1.5.5 OK for: magic-string@0.30.21 want: ^1.5.5
1650 silly fetch manifest vue@^2.6.12 || ^3.1.1
1651 silly packumentCache full:https://registry.npmjs.org/vue cache-miss
1652 http cache https://registry.npmjs.org/vue 23ms (cache hit)
1653 silly packumentCache full:https://registry.npmjs.org/vue set size:2001600 disposed:false
1654 silly placeDep ROOT resize-detector@0.3.0 OK for: vue-echarts@6.7.3 want: ^0.3.0
1655 silly placeDep node_modules/vue-echarts vue-demi@0.13.11 CONFLICT for: vue-echarts@6.7.3 want: ^0.13.11
1656 silly placeDep ROOT @volar/typescript@1.11.1 OK for: vue-tsc@1.8.27 want: ~1.11.1
1657 silly placeDep ROOT @vue/language-core@1.8.27 OK for: vue-tsc@1.8.27 want: 1.8.27
1658 silly fetch manifest path-browserify@^1.0.1
1659 silly packumentCache full:https://registry.npmjs.org/path-browserify cache-miss
1660 silly fetch manifest @volar/language-core@1.11.1
1661 silly packumentCache full:https://registry.npmjs.org/@volar%2flanguage-core cache-miss
1662 silly fetch manifest computeds@^0.0.1
1663 silly packumentCache full:https://registry.npmjs.org/computeds cache-miss
1664 silly fetch manifest muggle-string@^0.3.1
1665 silly packumentCache full:https://registry.npmjs.org/muggle-string cache-miss
1666 silly fetch manifest path-browserify@^1.0.1
1667 silly packumentCache full:https://registry.npmjs.org/path-browserify cache-miss
1668 silly fetch manifest @volar/source-map@~1.11.1
1669 silly packumentCache full:https://registry.npmjs.org/@volar%2fsource-map cache-miss
1670 silly fetch manifest @volar/language-core@~1.11.1
1671 silly packumentCache full:https://registry.npmjs.org/@volar%2flanguage-core cache-miss
1672 silly fetch manifest vue-template-compiler@^2.7.14
1673 silly packumentCache full:https://registry.npmjs.org/vue-template-compiler cache-miss
1674 http fetch GET 200 https://registry.npmjs.org/path-browserify 275ms (cache miss)
1675 silly packumentCache full:https://registry.npmjs.org/path-browserify set size:undefined disposed:false
1676 http fetch GET 200 https://registry.npmjs.org/path-browserify 608ms (cache miss)
1677 silly packumentCache full:https://registry.npmjs.org/path-browserify set size:undefined disposed:false
1678 http fetch GET 200 https://registry.npmjs.org/muggle-string 719ms (cache miss)
1679 silly packumentCache full:https://registry.npmjs.org/muggle-string set size:undefined disposed:false
1680 http fetch GET 200 https://registry.npmjs.org/computeds 2206ms (cache miss)
1681 silly packumentCache full:https://registry.npmjs.org/computeds set size:undefined disposed:false
1682 http fetch GET 200 https://registry.npmjs.org/@volar%2flanguage-core 2736ms (cache miss)
1683 silly packumentCache full:https://registry.npmjs.org/@volar%2flanguage-core set size:undefined disposed:false
1684 http fetch GET 200 https://registry.npmjs.org/vue-template-compiler 7779ms (cache miss)
1685 silly packumentCache full:https://registry.npmjs.org/vue-template-compiler set size:undefined disposed:false
1686 http fetch GET 200 https://registry.npmjs.org/@volar%2flanguage-core 13878ms (cache miss)
1687 silly packumentCache full:https://registry.npmjs.org/@volar%2flanguage-core set size:undefined disposed:false
1688 http fetch GET 200 https://registry.npmjs.org/@volar%2fsource-map 17441ms (cache miss)
1689 silly packumentCache full:https://registry.npmjs.org/@volar%2fsource-map set size:undefined disposed:false
1690 silly placeDep ROOT @volar/language-core@1.11.1 OK for: @volar/typescript@1.11.1 want: 1.11.1
1691 silly placeDep ROOT path-browserify@1.0.1 OK for: @volar/typescript@1.11.1 want: ^1.0.1
1692 silly fetch manifest @volar/source-map@1.11.1
1693 silly packumentCache full:https://registry.npmjs.org/@volar%2fsource-map cache-miss
1694 http cache https://registry.npmjs.org/@volar%2fsource-map 19ms (cache hit)
1695 silly packumentCache full:https://registry.npmjs.org/@volar%2fsource-map set size:790040 disposed:false
1696 silly placeDep ROOT @volar/source-map@1.11.1 OK for: @volar/language-core@1.11.1 want: 1.11.1
1697 silly placeDep ROOT muggle-string@0.3.1 OK for: @volar/source-map@1.11.1 want: ^0.3.1
1698 silly placeDep ROOT computeds@0.0.1 OK for: @vue/language-core@1.8.27 want: ^0.0.1
1699 silly placeDep ROOT vue-template-compiler@2.7.16 OK for: @vue/language-core@1.8.27 want: ^2.7.14
1700 silly fetch manifest de-indent@^1.0.2
1701 silly packumentCache full:https://registry.npmjs.org/de-indent cache-miss
1702 silly fetch manifest he@^1.2.0
1703 silly packumentCache full:https://registry.npmjs.org/he cache-miss
1704 http fetch GET 200 https://registry.npmjs.org/de-indent 514ms (cache miss)
1705 silly packumentCache full:https://registry.npmjs.org/de-indent set size:undefined disposed:false
1706 http fetch GET 200 https://registry.npmjs.org/he 2496ms (cache miss)
1707 silly packumentCache full:https://registry.npmjs.org/he set size:undefined disposed:false
1708 silly placeDep ROOT de-indent@1.0.2 OK for: vue-template-compiler@2.7.16 want: ^1.0.2
1709 silly placeDep ROOT he@1.2.0 OK for: vue-template-compiler@2.7.16 want: ^1.2.0
1710 silly placeDep ROOT isexe@2.0.0 OK for: which@2.0.2 want: ^2.0.0
1711 silly placeDep node_modules/@eslint/eslintrc brace-expansion@1.1.12 OK for: minimatch@3.1.5 want: ^1.1.7
1712 silly fetch manifest concat-map@0.0.1
1713 silly packumentCache full:https://registry.npmjs.org/concat-map cache-miss
1714 http fetch GET 200 https://registry.npmjs.org/concat-map 278ms (cache miss)
1715 silly packumentCache full:https://registry.npmjs.org/concat-map set size:undefined disposed:false
1716 silly placeDep ROOT concat-map@0.0.1 OK for: brace-expansion@1.1.12 want: 0.0.1
1717 silly placeDep node_modules/@humanwhocodes/config-array brace-expansion@1.1.12 OK for: minimatch@3.1.5 want: ^1.1.7
1718 silly placeDep node_modules/eslint brace-expansion@1.1.12 OK for: minimatch@3.1.5 want: ^1.1.7
1719 silly placeDep node_modules/glob brace-expansion@1.1.12 OK for: minimatch@3.1.5 want: ^1.1.7
1720 silly reify moves {}
1721 silly audit bulk request {
1721 silly audit   '@element-plus/icons-vue': [ '2.3.2' ],
1721 silly audit   vue: [ '3.5.29' ],
1721 silly audit   '@types/node': [ '20.19.34' ],
1721 silly audit   '@types/nprogress': [ '0.2.3' ],
1721 silly audit   '@typescript-eslint/eslint-plugin': [ '6.21.0' ],
1721 silly audit   eslint: [ '8.57.1' ],
1721 silly audit   '@typescript-eslint/parser': [ '6.21.0' ],
1721 silly audit   '@vitejs/plugin-vue': [ '5.2.4' ],
1721 silly audit   vite: [ '5.4.21' ],
1721 silly audit   '@vueuse/core': [ '10.11.1' ],
1721 silly audit   axios: [ '1.13.5' ],
1721 silly audit   dayjs: [ '1.11.19' ],
1721 silly audit   echarts: [ '5.6.0' ],
1721 silly audit   'element-plus': [ '2.13.2' ],
1721 silly audit   'eslint-plugin-vue': [ '9.33.0' ],
1721 silly audit   nprogress: [ '0.2.0' ],
1721 silly audit   pinia: [ '2.3.1' ],
1721 silly audit   prettier: [ '3.8.1' ],
1721 silly audit   sass: [ '1.97.3' ],
1721 silly audit   typescript: [ '5.9.3' ],
1721 silly audit   'vue-echarts': [ '6.7.3' ],
1721 silly audit   'vue-router': [ '4.6.4' ],
1721 silly audit   'vue-tsc': [ '1.8.27' ],
1721 silly audit   'undici-types': [ '6.21.0' ],
1721 silly audit   '@eslint-community/regexpp': [ '4.12.2' ],
1721 silly audit   '@typescript-eslint/scope-manager': [ '6.21.0' ],
1721 silly audit   '@typescript-eslint/type-utils': [ '6.21.0' ],
1721 silly audit   '@typescript-eslint/utils': [ '6.21.0' ],
1721 silly audit   '@typescript-eslint/visitor-keys': [ '6.21.0' ],
1721 silly audit   debug: [ '4.4.3' ],
1721 silly audit   graphemer: [ '1.4.0' ],
1721 silly audit   ignore: [ '5.3.2' ],
1721 silly audit   'natural-compare': [ '1.4.0' ],
1721 silly audit   semver: [ '7.7.4' ],
1721 silly audit   'ts-api-utils': [ '1.4.3' ],
1721 silly audit   '@typescript-eslint/types': [ '6.21.0' ],
1721 silly audit   '@typescript-eslint/typescript-estree': [ '6.21.0' ],
1721 silly audit   globby: [ '11.1.0' ],
1721 silly audit   'is-glob': [ '4.0.3' ],
1721 silly audit   minimatch: [ '9.0.3', '3.1.5' ],
1721 silly audit   '@eslint-community/eslint-utils': [ '4.9.1' ],
1721 silly audit   '@types/json-schema': [ '7.0.15' ],
1721 silly audit   '@types/semver': [ '7.7.1' ],
1721 silly audit   'eslint-visitor-keys': [ '3.4.3' ],
1721 silly audit   '@types/web-bluetooth': [ '0.0.20' ],
1721 silly audit   '@vueuse/metadata': [ '10.11.1' ],
1721 silly audit   '@vueuse/shared': [ '10.11.1' ],
1721 silly audit   'vue-demi': [ '0.14.10', '0.13.11' ],
1721 silly audit   'follow-redirects': [ '1.15.11' ],
1721 silly audit   'form-data': [ '4.0.5' ],
1721 silly audit   'proxy-from-env': [ '1.1.0' ],
1721 silly audit   ms: [ '2.1.3' ],
1721 silly audit   tslib: [ '2.3.0' ],
1721 silly audit   zrender: [ '5.6.1' ],
1721 silly audit   '@ctrl/tinycolor': [ '3.6.1' ],
1721 silly audit   '@floating-ui/dom': [ '1.7.5' ],
1721 silly audit   '@sxzz/popperjs-es': [ '2.11.8' ],
1721 silly audit   '@types/lodash': [ '4.17.24' ],
1721 silly audit   '@types/lodash-es': [ '4.17.12' ],
1721 silly audit   'async-validator': [ '4.2.5' ],
1721 silly audit   lodash: [ '4.17.23' ],
1721 silly audit   'lodash-es': [ '4.17.23' ],
1721 silly audit   'lodash-unified': [ '1.0.3' ],
1721 silly audit   'memoize-one': [ '6.0.0' ],
1721 silly audit   'normalize-wheel-es': [ '1.2.0' ],
1721 silly audit   '@floating-ui/core': [ '1.7.4' ],
1721 silly audit   '@floating-ui/utils': [ '0.2.10' ],
1721 silly audit   '@eslint/eslintrc': [ '2.1.4' ],
1721 silly audit   '@eslint/js': [ '8.57.1' ],
1721 silly audit   '@humanwhocodes/config-array': [ '0.13.0' ],
1721 silly audit   '@humanwhocodes/module-importer': [ '1.0.1' ],
1721 silly audit   '@nodelib/fs.walk': [ '1.2.8' ],
1721 silly audit   '@ungap/structured-clone': [ '1.3.0' ],
1721 silly audit   ajv: [ '6.14.0' ],
1721 silly audit   chalk: [ '4.1.2' ],
1721 silly audit   'cross-spawn': [ '7.0.6' ],
1721 silly audit   doctrine: [ '3.0.0' ],
1721 silly audit   'escape-string-regexp': [ '4.0.0' ],
1721 silly audit   'eslint-scope': [ '7.2.2' ],
1721 silly audit   espree: [ '9.6.1' ],
1721 silly audit   esquery: [ '1.7.0' ],
1721 silly audit   esutils: [ '2.0.3' ],
1721 silly audit   'fast-deep-equal': [ '3.1.3' ],
1721 silly audit   'file-entry-cache': [ '6.0.1' ],
1721 silly audit   'find-up': [ '5.0.0' ],
1721 silly audit   'glob-parent': [ '6.0.2', '5.1.2' ],
1721 silly audit   globals: [ '13.24.0' ],
1721 silly audit   imurmurhash: [ '0.1.4' ],
1721 silly audit   'is-path-inside': [ '3.0.3' ],
1721 silly audit   'js-yaml': [ '4.1.1' ],
1721 silly audit   'json-stable-stringify-without-jsonify': [ '1.0.1' ],
1721 silly audit   levn: [ '0.4.1' ],
1721 silly audit   'lodash.merge': [ '4.6.2' ],
1721 silly audit   optionator: [ '0.9.4' ],
1721 silly audit   'strip-ansi': [ '6.0.1' ],
1721 silly audit   'text-table': [ '0.2.0' ],
1721 silly audit   'import-fresh': [ '3.3.1' ],
1721 silly audit   'strip-json-comments': [ '3.1.1' ],
1721 silly audit   '@humanwhocodes/object-schema': [ '2.0.3' ],
1721 silly audit   '@nodelib/fs.scandir': [ '2.1.5' ],
1721 silly audit   fastq: [ '1.20.1' ],
1721 silly audit   '@nodelib/fs.stat': [ '2.0.5' ],
1721 silly audit   'run-parallel': [ '1.2.0' ],
1721 silly audit   'fast-json-stable-stringify': [ '2.1.0' ],
1721 silly audit   'json-schema-traverse': [ '0.4.1' ],
1721 silly audit   'uri-js': [ '4.4.1' ],
1721 silly audit   'ansi-styles': [ '4.3.0' ],
1721 silly audit   'supports-color': [ '7.2.0' ],
1721 silly audit   'color-convert': [ '2.0.1' ],
1721 silly audit   'color-name': [ '1.1.4' ],
1721 silly audit   'path-key': [ '3.1.1' ],
1721 silly audit   'shebang-command': [ '2.0.0' ],
1721 silly audit   which: [ '2.0.2' ],
1721 silly audit   'nth-check': [ '2.1.1' ],
1721 silly audit   'postcss-selector-parser': [ '6.1.2' ],
1721 silly audit   'vue-eslint-parser': [ '9.4.3' ],
1721 silly audit   'xml-name-validator': [ '4.0.0' ],
1721 silly audit   esrecurse: [ '4.3.0' ],
1721 silly audit   estraverse: [ '5.3.0' ],
1721 silly audit   acorn: [ '8.16.0' ],
1721 silly audit   'acorn-jsx': [ '5.3.2' ],
1721 silly audit   reusify: [ '1.1.0' ],
1721 silly audit   'flat-cache': [ '3.2.0' ],
1721 silly audit   'locate-path': [ '6.0.0' ],
1721 silly audit   'path-exists': [ '4.0.0' ],
1721 silly audit   flatted: [ '3.3.3' ],
1721 silly audit   keyv: [ '4.5.4' ],
1721 silly audit   rimraf: [ '3.0.2' ],
1721 silly audit   asynckit: [ '0.4.0' ],
1721 silly audit   'combined-stream': [ '1.0.8' ],
1721 silly audit   'es-set-tostringtag': [ '2.1.0' ],
1721 silly audit   hasown: [ '2.0.2' ],
1721 silly audit   'mime-types': [ '2.1.35' ],
1721 silly audit   'delayed-stream': [ '1.0.0' ],
1721 silly audit   'es-errors': [ '1.3.0' ],
1721 silly audit   'get-intrinsic': [ '1.3.0' ],
1721 silly audit   'has-tostringtag': [ '1.0.2' ],
1721 silly audit   'call-bind-apply-helpers': [ '1.0.2' ],
1721 silly audit   'es-define-property': [ '1.0.1' ],
1721 silly audit   'es-object-atoms': [ '1.1.1' ],
1721 silly audit   'function-bind': [ '1.1.2' ],
1721 silly audit   'get-proto': [ '1.0.1' ],
1721 silly audit   gopd: [ '1.2.0' ],
1721 silly audit   'has-symbols': [ '1.1.0' ],
1721 silly audit   'math-intrinsics': [ '1.1.0' ],
1721 silly audit   'dunder-proto': [ '1.0.1' ],
1721 silly audit   'type-fest': [ '0.20.2' ],
1721 silly audit   'array-union': [ '2.1.0' ],
1721 silly audit   'dir-glob': [ '3.0.1' ],
1721 silly audit   'fast-glob': [ '3.3.3' ],
1721 silly audit   merge2: [ '1.4.1' ],
1721 silly audit   slash: [ '3.0.0' ],
1721 silly audit   'path-type': [ '4.0.0' ],
1721 silly audit   micromatch: [ '4.0.8' ],
1721 silly audit   'parent-module': [ '1.0.1' ],
1721 silly audit   'resolve-from': [ '4.0.0' ],
1721 silly audit   'is-extglob': [ '2.1.1' ],
1721 silly audit   argparse: [ '2.0.1' ],
1721 silly audit   'json-buffer': [ '3.0.1' ],
1721 silly audit   'prelude-ls': [ '1.2.1' ],
1721 silly audit   'type-check': [ '0.4.0' ],
1721 silly audit   'p-locate': [ '5.0.0' ],
1721 silly audit   braces: [ '3.0.3' ],
1721 silly audit   picomatch: [ '2.3.1', '4.0.3' ],
1721 silly audit   'fill-range': [ '7.1.1' ],
1721 silly audit   'to-regex-range': [ '5.0.1' ],
1721 silly audit   'mime-db': [ '1.52.0' ],
1721 silly audit   'brace-expansion': [ '2.0.2', '1.1.12' ],
1721 silly audit   'balanced-match': [ '1.0.2' ],
1721 silly audit   boolbase: [ '1.0.0' ],
1721 silly audit   'deep-is': [ '0.1.4' ],
1721 silly audit   'fast-levenshtein': [ '2.0.6' ],
1721 silly audit   'word-wrap': [ '1.2.5' ],
1721 silly audit   'p-limit': [ '3.1.0' ],
1721 silly audit   'yocto-queue': [ '0.1.0' ],
1721 silly audit   callsites: [ '3.1.0' ],
1721 silly audit   '@vue/devtools-api': [ '6.6.4' ],
1721 silly audit   cssesc: [ '3.0.0' ],
1721 silly audit   'util-deprecate': [ '1.0.2' ],
1721 silly audit   glob: [ '7.2.3' ],
1721 silly audit   'fs.realpath': [ '1.0.0' ],
1721 silly audit   inflight: [ '1.0.6' ],
1721 silly audit   inherits: [ '2.0.4' ],
1721 silly audit   once: [ '1.4.0' ],
1721 silly audit   'path-is-absolute': [ '1.0.1' ],
1721 silly audit   wrappy: [ '1.0.2' ],
1721 silly audit   'queue-microtask': [ '1.2.3' ],
1721 silly audit   '@parcel/watcher': [ '2.5.6' ],
1721 silly audit   chokidar: [ '4.0.3' ],
1721 silly audit   immutable: [ '5.1.4' ],
1721 silly audit   'source-map-js': [ '1.2.1' ],
1721 silly audit   '@parcel/watcher-android-arm64': [ '2.5.6' ],
1721 silly audit   '@parcel/watcher-darwin-arm64': [ '2.5.6' ],
1721 silly audit   '@parcel/watcher-darwin-x64': [ '2.5.6' ],
1721 silly audit   '@parcel/watcher-freebsd-x64': [ '2.5.6' ],
1721 silly audit   '@parcel/watcher-linux-arm-glibc': [ '2.5.6' ],
1721 silly audit   '@parcel/watcher-linux-arm-musl': [ '2.5.6' ],
1721 silly audit   '@parcel/watcher-linux-arm64-glibc': [ '2.5.6' ],
1721 silly audit   '@parcel/watcher-linux-arm64-musl': [ '2.5.6' ],
1721 silly audit   '@parcel/watcher-linux-x64-glibc': [ '2.5.6' ],
1721 silly audit   '@parcel/watcher-linux-x64-musl': [ '2.5.6' ],
1721 silly audit   '@parcel/watcher-win32-arm64': [ '2.5.6' ],
1721 silly audit   '@parcel/watcher-win32-ia32': [ '2.5.6' ],
1721 silly audit   '@parcel/watcher-win32-x64': [ '2.5.6' ],
1721 silly audit   'detect-libc': [ '2.1.2' ],
1721 silly audit   'node-addon-api': [ '7.1.1' ],
1721 silly audit   readdirp: [ '4.1.2' ],
1721 silly audit   'shebang-regex': [ '3.0.0' ],
1721 silly audit   'ansi-regex': [ '5.0.1' ],
1721 silly audit   'has-flag': [ '4.0.0' ],
1721 silly audit   'is-number': [ '7.0.0' ],
1721 silly audit   punycode: [ '2.3.1' ],
1721 silly audit   esbuild: [ '0.21.5' ],
1721 silly audit   fsevents: [ '2.3.3' ],
1721 silly audit   postcss: [ '8.5.6' ],
1721 silly audit   rollup: [ '4.59.0' ],
1721 silly audit   '@esbuild/aix-ppc64': [ '0.21.5' ],
1721 silly audit   '@esbuild/android-arm': [ '0.21.5' ],
1721 silly audit   '@esbuild/android-arm64': [ '0.21.5' ],
1721 silly audit   '@esbuild/android-x64': [ '0.21.5' ],
1721 silly audit   '@esbuild/darwin-arm64': [ '0.21.5' ],
1721 silly audit   '@esbuild/darwin-x64': [ '0.21.5' ],
1721 silly audit   '@esbuild/freebsd-arm64': [ '0.21.5' ],
1721 silly audit   '@esbuild/freebsd-x64': [ '0.21.5' ],
1721 silly audit   '@esbuild/linux-arm': [ '0.21.5' ],
1721 silly audit   '@esbuild/linux-arm64': [ '0.21.5' ],
1721 silly audit   '@esbuild/linux-ia32': [ '0.21.5' ],
1721 silly audit   '@esbuild/linux-loong64': [ '0.21.5' ],
1721 silly audit   '@esbuild/linux-mips64el': [ '0.21.5' ],
1721 silly audit   '@esbuild/linux-ppc64': [ '0.21.5' ],
1721 silly audit   '@esbuild/linux-riscv64': [ '0.21.5' ],
1721 silly audit   '@esbuild/linux-s390x': [ '0.21.5' ],
1721 silly audit   '@esbuild/linux-x64': [ '0.21.5' ],
1721 silly audit   '@esbuild/netbsd-x64': [ '0.21.5' ],
1721 silly audit   '@esbuild/openbsd-x64': [ '0.21.5' ],
1721 silly audit   '@esbuild/sunos-x64': [ '0.21.5' ],
1721 silly audit   '@esbuild/win32-arm64': [ '0.21.5' ],
1721 silly audit   '@esbuild/win32-ia32': [ '0.21.5' ],
1721 silly audit   '@esbuild/win32-x64': [ '0.21.5' ],
1721 silly audit   nanoid: [ '3.3.11' ],
1721 silly audit   picocolors: [ '1.1.1' ],
1721 silly audit   '@rollup/rollup-android-arm-eabi': [ '4.59.0' ],
1721 silly audit   '@rollup/rollup-android-arm64': [ '4.59.0' ],
1721 silly audit   '@rollup/rollup-darwin-arm64': [ '4.59.0' ],
1721 silly audit   '@rollup/rollup-darwin-x64': [ '4.59.0' ],
1721 silly audit   '@rollup/rollup-freebsd-arm64': [ '4.59.0' ],
1721 silly audit   '@rollup/rollup-freebsd-x64': [ '4.59.0' ],
1721 silly audit   '@rollup/rollup-linux-arm-gnueabihf': [ '4.59.0' ],
1721 silly audit   '@rollup/rollup-linux-arm-musleabihf': [ '4.59.0' ],
1721 silly audit   '@rollup/rollup-linux-arm64-gnu': [ '4.59.0' ],
1721 silly audit   '@rollup/rollup-linux-arm64-musl': [ '4.59.0' ],
1721 silly audit   '@rollup/rollup-linux-loong64-gnu': [ '4.59.0' ],
1721 silly audit   '@rollup/rollup-linux-loong64-musl': [ '4.59.0' ],
1721 silly audit   '@rollup/rollup-linux-ppc64-gnu': [ '4.59.0' ],
1721 silly audit   '@rollup/rollup-linux-ppc64-musl': [ '4.59.0' ],
1721 silly audit   '@rollup/rollup-linux-riscv64-gnu': [ '4.59.0' ],
1721 silly audit   '@rollup/rollup-linux-riscv64-musl': [ '4.59.0' ],
1721 silly audit   '@rollup/rollup-linux-s390x-gnu': [ '4.59.0' ],
1721 silly audit   '@rollup/rollup-linux-x64-gnu': [ '4.59.0' ],
1721 silly audit   '@rollup/rollup-linux-x64-musl': [ '4.59.0' ],
1721 silly audit   '@rollup/rollup-openbsd-x64': [ '4.59.0' ],
1721 silly audit   '@rollup/rollup-openharmony-arm64': [ '4.59.0' ],
1721 silly audit   '@rollup/rollup-win32-arm64-msvc': [ '4.59.0' ],
1721 silly audit   '@rollup/rollup-win32-ia32-msvc': [ '4.59.0' ],
1721 silly audit   '@rollup/rollup-win32-x64-gnu': [ '4.59.0' ],
1721 silly audit   '@rollup/rollup-win32-x64-msvc': [ '4.59.0' ],
1721 silly audit   '@types/estree': [ '1.0.8' ],
1721 silly audit   '@vue/compiler-dom': [ '3.5.29' ],
1721 silly audit   '@vue/compiler-sfc': [ '3.5.29' ],
1721 silly audit   '@vue/runtime-dom': [ '3.5.29' ],
1721 silly audit   '@vue/server-renderer': [ '3.5.29' ],
1721 silly audit   '@vue/shared': [ '3.5.29' ],
1721 silly audit   '@vue/compiler-core': [ '3.5.29' ],
1721 silly audit   '@babel/parser': [ '7.29.0' ],
1721 silly audit   entities: [ '7.0.1' ],
1721 silly audit   'estree-walker': [ '2.0.2' ],
1721 silly audit   '@babel/types': [ '7.29.0' ],
1721 silly audit   '@babel/helper-string-parser': [ '7.27.1' ],
1721 silly audit   '@babel/helper-validator-identifier': [ '7.28.5' ],
1721 silly audit   '@vue/compiler-ssr': [ '3.5.29' ],
1721 silly audit   'magic-string': [ '0.30.21' ],
1721 silly audit   '@vue/reactivity': [ '3.5.29' ],
1721 silly audit   '@vue/runtime-core': [ '3.5.29' ],
1721 silly audit   csstype: [ '3.2.3' ],
1721 silly audit   '@jridgewell/sourcemap-codec': [ '1.5.5' ],
1721 silly audit   'resize-detector': [ '0.3.0' ],
1721 silly audit   '@volar/typescript': [ '1.11.1' ],
1721 silly audit   '@vue/language-core': [ '1.8.27' ],
1721 silly audit   '@volar/language-core': [ '1.11.1' ],
1721 silly audit   'path-browserify': [ '1.0.1' ],
1721 silly audit   '@volar/source-map': [ '1.11.1' ],
1721 silly audit   'muggle-string': [ '0.3.1' ],
1721 silly audit   computeds: [ '0.0.1' ],
1721 silly audit   'vue-template-compiler': [ '2.7.16' ],
1721 silly audit   'de-indent': [ '1.0.2' ],
1721 silly audit   he: [ '1.2.0' ],
1721 silly audit   isexe: [ '2.0.0' ],
1721 silly audit   'concat-map': [ '0.0.1' ]
1721 silly audit }
1722 http cache concat-map@https://registry.npmjs.org/concat-map/-/concat-map-0.0.1.tgz 0ms (cache hit)
1723 http cache isexe@https://registry.npmjs.org/isexe/-/isexe-2.0.0.tgz 0ms (cache hit)
1724 http cache he@https://registry.npmjs.org/he/-/he-1.2.0.tgz 0ms (cache hit)
1725 http cache @volar/source-map@https://registry.npmjs.org/@volar/source-map/-/source-map-1.11.1.tgz 0ms (cache hit)
1726 http cache de-indent@https://registry.npmjs.org/de-indent/-/de-indent-1.0.2.tgz 0ms (cache hit)
1727 http cache vue-template-compiler@https://registry.npmjs.org/vue-template-compiler/-/vue-template-compiler-2.7.16.tgz 0ms (cache hit)
1728 http cache computeds@https://registry.npmjs.org/computeds/-/computeds-0.0.1.tgz 0ms (cache hit)
1729 http cache @vue/language-core@https://registry.npmjs.org/@vue/language-core/-/language-core-1.8.27.tgz 0ms (cache hit)
1730 http cache @volar/language-core@https://registry.npmjs.org/@volar/language-core/-/language-core-1.11.1.tgz 0ms (cache hit)
1731 http cache muggle-string@https://registry.npmjs.org/muggle-string/-/muggle-string-0.3.1.tgz 0ms (cache hit)
1732 http cache path-browserify@https://registry.npmjs.org/path-browserify/-/path-browserify-1.0.1.tgz 0ms (cache hit)
1733 http cache @volar/typescript@https://registry.npmjs.org/@volar/typescript/-/typescript-1.11.1.tgz 0ms (cache hit)
1734 http cache @jridgewell/sourcemap-codec@https://registry.npmjs.org/@jridgewell/sourcemap-codec/-/sourcemap-codec-1.5.5.tgz 0ms (cache hit)
1735 http cache @vue/runtime-core@https://registry.npmjs.org/@vue/runtime-core/-/runtime-core-3.5.29.tgz 0ms (cache hit)
1736 http cache resize-detector@https://registry.npmjs.org/resize-detector/-/resize-detector-0.3.0.tgz 0ms (cache hit)
1737 http cache csstype@https://registry.npmjs.org/csstype/-/csstype-3.2.3.tgz 0ms (cache hit)
1738 http cache magic-string@https://registry.npmjs.org/magic-string/-/magic-string-0.30.21.tgz 0ms (cache hit)
1739 http cache @vue/reactivity@https://registry.npmjs.org/@vue/reactivity/-/reactivity-3.5.29.tgz 0ms (cache hit)
1740 http cache @vue/compiler-ssr@https://registry.npmjs.org/@vue/compiler-ssr/-/compiler-ssr-3.5.29.tgz 0ms (cache hit)
1741 http cache estree-walker@https://registry.npmjs.org/estree-walker/-/estree-walker-2.0.2.tgz 0ms (cache hit)
1742 http cache @babel/helper-validator-identifier@https://registry.npmjs.org/@babel/helper-validator-identifier/-/helper-validator-identifier-7.28.5.tgz 0ms (cache hit)
1743 http cache entities@https://registry.npmjs.org/entities/-/entities-7.0.1.tgz 0ms (cache hit)
1744 http cache @babel/types@https://registry.npmjs.org/@babel/types/-/types-7.29.0.tgz 0ms (cache hit)
1745 http cache @babel/helper-string-parser@https://registry.npmjs.org/@babel/helper-string-parser/-/helper-string-parser-7.27.1.tgz 0ms (cache hit)
1746 http cache @vue/compiler-core@https://registry.npmjs.org/@vue/compiler-core/-/compiler-core-3.5.29.tgz 0ms (cache hit)
1747 http cache @babel/parser@https://registry.npmjs.org/@babel/parser/-/parser-7.29.0.tgz 1ms (cache hit)
1748 http cache @vue/shared@https://registry.npmjs.org/@vue/shared/-/shared-3.5.29.tgz 0ms (cache hit)
1749 http cache @vue/server-renderer@https://registry.npmjs.org/@vue/server-renderer/-/server-renderer-3.5.29.tgz 0ms (cache hit)
1750 http cache @vue/compiler-sfc@https://registry.npmjs.org/@vue/compiler-sfc/-/compiler-sfc-3.5.29.tgz 0ms (cache hit)
1751 http cache @vue/runtime-dom@https://registry.npmjs.org/@vue/runtime-dom/-/runtime-dom-3.5.29.tgz 0ms (cache hit)
1752 http cache @rollup/rollup-win32-x64-msvc@https://registry.npmjs.org/@rollup/rollup-win32-x64-msvc/-/rollup-win32-x64-msvc-4.59.0.tgz 0ms (cache hit)
1753 http cache @vue/compiler-dom@https://registry.npmjs.org/@vue/compiler-dom/-/compiler-dom-3.5.29.tgz 0ms (cache hit)
1754 http cache @rollup/rollup-win32-x64-gnu@https://registry.npmjs.org/@rollup/rollup-win32-x64-gnu/-/rollup-win32-x64-gnu-4.59.0.tgz 0ms (cache hit)
1755 http cache @types/estree@https://registry.npmjs.org/@types/estree/-/estree-1.0.8.tgz 0ms (cache hit)
1756 http cache @esbuild/win32-x64@https://registry.npmjs.org/@esbuild/win32-x64/-/win32-x64-0.21.5.tgz 0ms (cache hit)
1757 http cache picocolors@https://registry.npmjs.org/picocolors/-/picocolors-1.1.1.tgz 0ms (cache hit)
1758 http cache nanoid@https://registry.npmjs.org/nanoid/-/nanoid-3.3.11.tgz 0ms (cache hit)
1759 http cache rollup@https://registry.npmjs.org/rollup/-/rollup-4.59.0.tgz 0ms (cache hit)
1760 http cache postcss@https://registry.npmjs.org/postcss/-/postcss-8.5.6.tgz 0ms (cache hit)
1761 http cache esbuild@https://registry.npmjs.org/esbuild/-/esbuild-0.21.5.tgz 0ms (cache hit)
1762 http cache punycode@https://registry.npmjs.org/punycode/-/punycode-2.3.1.tgz 0ms (cache hit)
1763 http cache has-flag@https://registry.npmjs.org/has-flag/-/has-flag-4.0.0.tgz 0ms (cache hit)
1764 http cache is-number@https://registry.npmjs.org/is-number/-/is-number-7.0.0.tgz 0ms (cache hit)
1765 http cache @parcel/watcher-win32-x64@https://registry.npmjs.org/@parcel/watcher-win32-x64/-/watcher-win32-x64-2.5.6.tgz 0ms (cache hit)
1766 http cache ansi-regex@https://registry.npmjs.org/ansi-regex/-/ansi-regex-5.0.1.tgz 0ms (cache hit)
1767 http cache shebang-regex@https://registry.npmjs.org/shebang-regex/-/shebang-regex-3.0.0.tgz 0ms (cache hit)
1768 http cache @parcel/watcher@https://registry.npmjs.org/@parcel/watcher/-/watcher-2.5.6.tgz 0ms (cache hit)
1769 http cache readdirp@https://registry.npmjs.org/readdirp/-/readdirp-4.1.2.tgz 0ms (cache hit)
1770 http cache node-addon-api@https://registry.npmjs.org/node-addon-api/-/node-addon-api-7.1.1.tgz 0ms (cache hit)
1771 http cache immutable@https://registry.npmjs.org/immutable/-/immutable-5.1.4.tgz 0ms (cache hit)
1772 http cache detect-libc@https://registry.npmjs.org/detect-libc/-/detect-libc-2.1.2.tgz 0ms (cache hit)
1773 http cache source-map-js@https://registry.npmjs.org/source-map-js/-/source-map-js-1.2.1.tgz 0ms (cache hit)
1774 http cache chokidar@https://registry.npmjs.org/chokidar/-/chokidar-4.0.3.tgz 0ms (cache hit)
1775 http cache queue-microtask@https://registry.npmjs.org/queue-microtask/-/queue-microtask-1.2.3.tgz 0ms (cache hit)
1776 http cache path-is-absolute@https://registry.npmjs.org/path-is-absolute/-/path-is-absolute-1.0.1.tgz 0ms (cache hit)
1777 http cache once@https://registry.npmjs.org/once/-/once-1.4.0.tgz 0ms (cache hit)
1778 http cache wrappy@https://registry.npmjs.org/wrappy/-/wrappy-1.0.2.tgz 0ms (cache hit)
1779 http cache inherits@https://registry.npmjs.org/inherits/-/inherits-2.0.4.tgz 0ms (cache hit)
1780 http cache fs.realpath@https://registry.npmjs.org/fs.realpath/-/fs.realpath-1.0.0.tgz 0ms (cache hit)
1781 http cache @vue/devtools-api@https://registry.npmjs.org/@vue/devtools-api/-/devtools-api-6.6.4.tgz 0ms (cache hit)
1782 http cache inflight@https://registry.npmjs.org/inflight/-/inflight-1.0.6.tgz 0ms (cache hit)
1783 http cache glob@https://registry.npmjs.org/glob/-/glob-7.2.3.tgz 0ms (cache hit)
1784 http cache util-deprecate@https://registry.npmjs.org/util-deprecate/-/util-deprecate-1.0.2.tgz 0ms (cache hit)
1785 http cache cssesc@https://registry.npmjs.org/cssesc/-/cssesc-3.0.0.tgz 0ms (cache hit)
1786 http cache vue-demi@https://registry.npmjs.org/vue-demi/-/vue-demi-0.14.10.tgz 0ms (cache hit)
1787 http cache callsites@https://registry.npmjs.org/callsites/-/callsites-3.1.0.tgz 0ms (cache hit)
1788 http cache yocto-queue@https://registry.npmjs.org/yocto-queue/-/yocto-queue-0.1.0.tgz 0ms (cache hit)
1789 http cache fast-levenshtein@https://registry.npmjs.org/fast-levenshtein/-/fast-levenshtein-2.0.6.tgz 0ms (cache hit)
1790 http cache p-limit@https://registry.npmjs.org/p-limit/-/p-limit-3.1.0.tgz 0ms (cache hit)
1791 http cache word-wrap@https://registry.npmjs.org/word-wrap/-/word-wrap-1.2.5.tgz 0ms (cache hit)
1792 http cache deep-is@https://registry.npmjs.org/deep-is/-/deep-is-0.1.4.tgz 0ms (cache hit)
1793 http cache boolbase@https://registry.npmjs.org/boolbase/-/boolbase-1.0.0.tgz 0ms (cache hit)
1794 http cache balanced-match@https://registry.npmjs.org/balanced-match/-/balanced-match-1.0.2.tgz 0ms (cache hit)
1795 http cache brace-expansion@https://registry.npmjs.org/brace-expansion/-/brace-expansion-2.0.2.tgz 0ms (cache hit)
1796 http cache fill-range@https://registry.npmjs.org/fill-range/-/fill-range-7.1.1.tgz 0ms (cache hit)
1797 http cache to-regex-range@https://registry.npmjs.org/to-regex-range/-/to-regex-range-5.0.1.tgz 0ms (cache hit)
1798 http cache picomatch@https://registry.npmjs.org/picomatch/-/picomatch-2.3.1.tgz 0ms (cache hit)
1799 http cache mime-db@https://registry.npmjs.org/mime-db/-/mime-db-1.52.0.tgz 0ms (cache hit)
1800 http cache p-locate@https://registry.npmjs.org/p-locate/-/p-locate-5.0.0.tgz 0ms (cache hit)
1801 http cache braces@https://registry.npmjs.org/braces/-/braces-3.0.3.tgz 0ms (cache hit)
1802 http cache type-check@https://registry.npmjs.org/type-check/-/type-check-0.4.0.tgz 0ms (cache hit)
1803 http cache json-buffer@https://registry.npmjs.org/json-buffer/-/json-buffer-3.0.1.tgz 0ms (cache hit)
1804 http cache prelude-ls@https://registry.npmjs.org/prelude-ls/-/prelude-ls-1.2.1.tgz 0ms (cache hit)
1805 http cache is-extglob@https://registry.npmjs.org/is-extglob/-/is-extglob-2.1.1.tgz 0ms (cache hit)
1806 http cache resolve-from@https://registry.npmjs.org/resolve-from/-/resolve-from-4.0.0.tgz 0ms (cache hit)
1807 http cache parent-module@https://registry.npmjs.org/parent-module/-/parent-module-1.0.1.tgz 0ms (cache hit)
1808 http cache argparse@https://registry.npmjs.org/argparse/-/argparse-2.0.1.tgz 0ms (cache hit)
1809 http cache micromatch@https://registry.npmjs.org/micromatch/-/micromatch-4.0.8.tgz 0ms (cache hit)
1810 http cache path-type@https://registry.npmjs.org/path-type/-/path-type-4.0.0.tgz 0ms (cache hit)
1811 http cache merge2@https://registry.npmjs.org/merge2/-/merge2-1.4.1.tgz 0ms (cache hit)
1812 http cache fast-glob@https://registry.npmjs.org/fast-glob/-/fast-glob-3.3.3.tgz 0ms (cache hit)
1813 http cache slash@https://registry.npmjs.org/slash/-/slash-3.0.0.tgz 0ms (cache hit)
1814 http cache dir-glob@https://registry.npmjs.org/dir-glob/-/dir-glob-3.0.1.tgz 0ms (cache hit)
1815 http cache array-union@https://registry.npmjs.org/array-union/-/array-union-2.1.0.tgz 0ms (cache hit)
1816 http cache dunder-proto@https://registry.npmjs.org/dunder-proto/-/dunder-proto-1.0.1.tgz 0ms (cache hit)
1817 http cache math-intrinsics@https://registry.npmjs.org/math-intrinsics/-/math-intrinsics-1.1.0.tgz 0ms (cache hit)
1818 http cache type-fest@https://registry.npmjs.org/type-fest/-/type-fest-0.20.2.tgz 1ms (cache hit)
1819 http cache gopd@https://registry.npmjs.org/gopd/-/gopd-1.2.0.tgz 0ms (cache hit)
1820 http cache has-symbols@https://registry.npmjs.org/has-symbols/-/has-symbols-1.1.0.tgz 0ms (cache hit)
1821 http cache get-proto@https://registry.npmjs.org/get-proto/-/get-proto-1.0.1.tgz 0ms (cache hit)
1822 http cache es-object-atoms@https://registry.npmjs.org/es-object-atoms/-/es-object-atoms-1.1.1.tgz 0ms (cache hit)
1823 http cache function-bind@https://registry.npmjs.org/function-bind/-/function-bind-1.1.2.tgz 0ms (cache hit)
1824 http cache es-define-property@https://registry.npmjs.org/es-define-property/-/es-define-property-1.0.1.tgz 0ms (cache hit)
1825 http cache get-intrinsic@https://registry.npmjs.org/get-intrinsic/-/get-intrinsic-1.3.0.tgz 0ms (cache hit)
1826 http cache call-bind-apply-helpers@https://registry.npmjs.org/call-bind-apply-helpers/-/call-bind-apply-helpers-1.0.2.tgz 0ms (cache hit)
1827 http cache es-errors@https://registry.npmjs.org/es-errors/-/es-errors-1.3.0.tgz 0ms (cache hit)
1828 http cache has-tostringtag@https://registry.npmjs.org/has-tostringtag/-/has-tostringtag-1.0.2.tgz 0ms (cache hit)
1829 http cache delayed-stream@https://registry.npmjs.org/delayed-stream/-/delayed-stream-1.0.0.tgz 0ms (cache hit)
1830 http cache hasown@https://registry.npmjs.org/hasown/-/hasown-2.0.2.tgz 0ms (cache hit)
1831 http cache es-set-tostringtag@https://registry.npmjs.org/es-set-tostringtag/-/es-set-tostringtag-2.1.0.tgz 0ms (cache hit)
1832 http cache mime-types@https://registry.npmjs.org/mime-types/-/mime-types-2.1.35.tgz 0ms (cache hit)
1833 http cache combined-stream@https://registry.npmjs.org/combined-stream/-/combined-stream-1.0.8.tgz 0ms (cache hit)
1834 http cache asynckit@https://registry.npmjs.org/asynckit/-/asynckit-0.4.0.tgz 0ms (cache hit)
1835 http cache rimraf@https://registry.npmjs.org/rimraf/-/rimraf-3.0.2.tgz 0ms (cache hit)
1836 http cache flatted@https://registry.npmjs.org/flatted/-/flatted-3.3.3.tgz 0ms (cache hit)
1837 http cache keyv@https://registry.npmjs.org/keyv/-/keyv-4.5.4.tgz 0ms (cache hit)
1838 http cache path-exists@https://registry.npmjs.org/path-exists/-/path-exists-4.0.0.tgz 0ms (cache hit)
1839 http cache flat-cache@https://registry.npmjs.org/flat-cache/-/flat-cache-3.2.0.tgz 0ms (cache hit)
1840 http cache reusify@https://registry.npmjs.org/reusify/-/reusify-1.1.0.tgz 0ms (cache hit)
1841 http cache locate-path@https://registry.npmjs.org/locate-path/-/locate-path-6.0.0.tgz 0ms (cache hit)
1842 http cache acorn-jsx@https://registry.npmjs.org/acorn-jsx/-/acorn-jsx-5.3.2.tgz 0ms (cache hit)
1843 http cache estraverse@https://registry.npmjs.org/estraverse/-/estraverse-5.3.0.tgz 0ms (cache hit)
1844 http cache acorn@https://registry.npmjs.org/acorn/-/acorn-8.16.0.tgz 1ms (cache hit)
1845 http cache esrecurse@https://registry.npmjs.org/esrecurse/-/esrecurse-4.3.0.tgz 0ms (cache hit)
1846 http cache vue-eslint-parser@https://registry.npmjs.org/vue-eslint-parser/-/vue-eslint-parser-9.4.3.tgz 0ms (cache hit)
1847 http cache xml-name-validator@https://registry.npmjs.org/xml-name-validator/-/xml-name-validator-4.0.0.tgz 0ms (cache hit)
1848 http cache postcss-selector-parser@https://registry.npmjs.org/postcss-selector-parser/-/postcss-selector-parser-6.1.2.tgz 0ms (cache hit)
1849 http cache nth-check@https://registry.npmjs.org/nth-check/-/nth-check-2.1.1.tgz 0ms (cache hit)
1850 http cache which@https://registry.npmjs.org/which/-/which-2.0.2.tgz 0ms (cache hit)
1851 http cache shebang-command@https://registry.npmjs.org/shebang-command/-/shebang-command-2.0.0.tgz 0ms (cache hit)
1852 http cache path-key@https://registry.npmjs.org/path-key/-/path-key-3.1.1.tgz 0ms (cache hit)
1853 http cache color-name@https://registry.npmjs.org/color-name/-/color-name-1.1.4.tgz 0ms (cache hit)
1854 http cache color-convert@https://registry.npmjs.org/color-convert/-/color-convert-2.0.1.tgz 0ms (cache hit)
1855 http cache supports-color@https://registry.npmjs.org/supports-color/-/supports-color-7.2.0.tgz 0ms (cache hit)
1856 http cache ansi-styles@https://registry.npmjs.org/ansi-styles/-/ansi-styles-4.3.0.tgz 0ms (cache hit)
1857 http cache json-schema-traverse@https://registry.npmjs.org/json-schema-traverse/-/json-schema-traverse-0.4.1.tgz 0ms (cache hit)
1858 http cache uri-js@https://registry.npmjs.org/uri-js/-/uri-js-4.4.1.tgz 0ms (cache hit)
1859 http cache fast-json-stable-stringify@https://registry.npmjs.org/fast-json-stable-stringify/-/fast-json-stable-stringify-2.1.0.tgz 0ms (cache hit)
1860 http cache run-parallel@https://registry.npmjs.org/run-parallel/-/run-parallel-1.2.0.tgz 0ms (cache hit)
1861 http cache fastq@https://registry.npmjs.org/fastq/-/fastq-1.20.1.tgz 0ms (cache hit)
1862 http cache @humanwhocodes/object-schema@https://registry.npmjs.org/@humanwhocodes/object-schema/-/object-schema-2.0.3.tgz 0ms (cache hit)
1863 http cache @nodelib/fs.stat@https://registry.npmjs.org/@nodelib/fs.stat/-/fs.stat-2.0.5.tgz 0ms (cache hit)
1864 http cache @nodelib/fs.scandir@https://registry.npmjs.org/@nodelib/fs.scandir/-/fs.scandir-2.1.5.tgz 0ms (cache hit)
1865 http cache strip-json-comments@https://registry.npmjs.org/strip-json-comments/-/strip-json-comments-3.1.1.tgz 0ms (cache hit)
1866 http cache text-table@https://registry.npmjs.org/text-table/-/text-table-0.2.0.tgz 0ms (cache hit)
1867 http cache import-fresh@https://registry.npmjs.org/import-fresh/-/import-fresh-3.3.1.tgz 0ms (cache hit)
1868 http cache strip-ansi@https://registry.npmjs.org/strip-ansi/-/strip-ansi-6.0.1.tgz 0ms (cache hit)
1869 http cache optionator@https://registry.npmjs.org/optionator/-/optionator-0.9.4.tgz 0ms (cache hit)
1870 http cache lodash.merge@https://registry.npmjs.org/lodash.merge/-/lodash.merge-4.6.2.tgz 0ms (cache hit)
1871 http cache levn@https://registry.npmjs.org/levn/-/levn-0.4.1.tgz 0ms (cache hit)
1872 http cache js-yaml@https://registry.npmjs.org/js-yaml/-/js-yaml-4.1.1.tgz 0ms (cache hit)
1873 http cache json-stable-stringify-without-jsonify@https://registry.npmjs.org/json-stable-stringify-without-jsonify/-/json-stable-stringify-without-jsonify-1.0.1.tgz 0ms (cache hit)
1874 http cache is-path-inside@https://registry.npmjs.org/is-path-inside/-/is-path-inside-3.0.3.tgz 0ms (cache hit)
1875 http cache globals@https://registry.npmjs.org/globals/-/globals-13.24.0.tgz 0ms (cache hit)
1876 http cache imurmurhash@https://registry.npmjs.org/imurmurhash/-/imurmurhash-0.1.4.tgz 0ms (cache hit)
1877 http cache glob-parent@https://registry.npmjs.org/glob-parent/-/glob-parent-6.0.2.tgz 0ms (cache hit)
1878 http cache find-up@https://registry.npmjs.org/find-up/-/find-up-5.0.0.tgz 0ms (cache hit)
1879 http cache file-entry-cache@https://registry.npmjs.org/file-entry-cache/-/file-entry-cache-6.0.1.tgz 0ms (cache hit)
1880 http cache fast-deep-equal@https://registry.npmjs.org/fast-deep-equal/-/fast-deep-equal-3.1.3.tgz 1ms (cache hit)
1881 http cache esquery@https://registry.npmjs.org/esquery/-/esquery-1.7.0.tgz 0ms (cache hit)
1882 http cache esutils@https://registry.npmjs.org/esutils/-/esutils-2.0.3.tgz 0ms (cache hit)
1883 http cache espree@https://registry.npmjs.org/espree/-/espree-9.6.1.tgz 0ms (cache hit)
1884 http cache eslint-scope@https://registry.npmjs.org/eslint-scope/-/eslint-scope-7.2.2.tgz 0ms (cache hit)
1885 http cache escape-string-regexp@https://registry.npmjs.org/escape-string-regexp/-/escape-string-regexp-4.0.0.tgz 0ms (cache hit)
1886 http cache cross-spawn@https://registry.npmjs.org/cross-spawn/-/cross-spawn-7.0.6.tgz 0ms (cache hit)
1887 http cache doctrine@https://registry.npmjs.org/doctrine/-/doctrine-3.0.0.tgz 0ms (cache hit)
1888 http cache chalk@https://registry.npmjs.org/chalk/-/chalk-4.1.2.tgz 0ms (cache hit)
1889 http cache ajv@https://registry.npmjs.org/ajv/-/ajv-6.14.0.tgz 0ms (cache hit)
1890 http cache @humanwhocodes/module-importer@https://registry.npmjs.org/@humanwhocodes/module-importer/-/module-importer-1.0.1.tgz 0ms (cache hit)
1891 http cache @ungap/structured-clone@https://registry.npmjs.org/@ungap/structured-clone/-/structured-clone-1.3.0.tgz 0ms (cache hit)
1892 http cache @nodelib/fs.walk@https://registry.npmjs.org/@nodelib/fs.walk/-/fs.walk-1.2.8.tgz 0ms (cache hit)
1893 http cache @humanwhocodes/config-array@https://registry.npmjs.org/@humanwhocodes/config-array/-/config-array-0.13.0.tgz 1ms (cache hit)
1894 http cache @eslint/js@https://registry.npmjs.org/@eslint/js/-/js-8.57.1.tgz 0ms (cache hit)
1895 http cache @eslint/eslintrc@https://registry.npmjs.org/@eslint/eslintrc/-/eslintrc-2.1.4.tgz 0ms (cache hit)
1896 http cache normalize-wheel-es@https://registry.npmjs.org/normalize-wheel-es/-/normalize-wheel-es-1.2.0.tgz 0ms (cache hit)
1897 http cache @floating-ui/core@https://registry.npmjs.org/@floating-ui/core/-/core-1.7.4.tgz 0ms (cache hit)
1898 http cache @floating-ui/utils@https://registry.npmjs.org/@floating-ui/utils/-/utils-0.2.10.tgz 0ms (cache hit)
1899 http cache @floating-ui/dom@https://registry.npmjs.org/@floating-ui/dom/-/dom-1.7.5.tgz 0ms (cache hit)
1900 http cache lodash-es@https://registry.npmjs.org/lodash-es/-/lodash-es-4.17.23.tgz 0ms (cache hit)
1901 http cache memoize-one@https://registry.npmjs.org/memoize-one/-/memoize-one-6.0.0.tgz 0ms (cache hit)
1902 http cache @popperjs/core@https://registry.npmjs.org/@sxzz/popperjs-es/-/popperjs-es-2.11.8.tgz 0ms (cache hit)
1903 http cache lodash-unified@https://registry.npmjs.org/lodash-unified/-/lodash-unified-1.0.3.tgz 0ms (cache hit)
1904 http cache lodash@https://registry.npmjs.org/lodash/-/lodash-4.17.23.tgz 0ms (cache hit)
1905 http cache async-validator@https://registry.npmjs.org/async-validator/-/async-validator-4.2.5.tgz 0ms (cache hit)
1906 http cache @ctrl/tinycolor@https://registry.npmjs.org/@ctrl/tinycolor/-/tinycolor-3.6.1.tgz 0ms (cache hit)
1907 http cache zrender@https://registry.npmjs.org/zrender/-/zrender-5.6.1.tgz 0ms (cache hit)
1908 http cache @types/lodash-es@https://registry.npmjs.org/@types/lodash-es/-/lodash-es-4.17.12.tgz 0ms (cache hit)
1909 http cache tslib@https://registry.npmjs.org/tslib/-/tslib-2.3.0.tgz 1ms (cache hit)
1910 http cache @types/lodash@https://registry.npmjs.org/@types/lodash/-/lodash-4.17.24.tgz 0ms (cache hit)
1911 http cache @vueuse/shared@https://registry.npmjs.org/@vueuse/shared/-/shared-10.11.1.tgz 0ms (cache hit)
1912 http cache ms@https://registry.npmjs.org/ms/-/ms-2.1.3.tgz 0ms (cache hit)
1913 http cache follow-redirects@https://registry.npmjs.org/follow-redirects/-/follow-redirects-1.15.11.tgz 0ms (cache hit)
1914 http cache form-data@https://registry.npmjs.org/form-data/-/form-data-4.0.5.tgz 0ms (cache hit)
1915 http cache proxy-from-env@https://registry.npmjs.org/proxy-from-env/-/proxy-from-env-1.1.0.tgz 0ms (cache hit)
1916 http cache @types/web-bluetooth@https://registry.npmjs.org/@types/web-bluetooth/-/web-bluetooth-0.0.20.tgz 0ms (cache hit)
1917 http cache @vueuse/metadata@https://registry.npmjs.org/@vueuse/metadata/-/metadata-10.11.1.tgz 0ms (cache hit)
1918 http cache @eslint-community/eslint-utils@https://registry.npmjs.org/@eslint-community/eslint-utils/-/eslint-utils-4.9.1.tgz 0ms (cache hit)
1919 http cache eslint-visitor-keys@https://registry.npmjs.org/eslint-visitor-keys/-/eslint-visitor-keys-3.4.3.tgz 0ms (cache hit)
1920 http cache @types/json-schema@https://registry.npmjs.org/@types/json-schema/-/json-schema-7.0.15.tgz 0ms (cache hit)
1921 http cache @types/semver@https://registry.npmjs.org/@types/semver/-/semver-7.7.1.tgz 0ms (cache hit)
1922 http cache minimatch@https://registry.npmjs.org/minimatch/-/minimatch-9.0.3.tgz 0ms (cache hit)
1923 http cache globby@https://registry.npmjs.org/globby/-/globby-11.1.0.tgz 0ms (cache hit)
1924 http cache @typescript-eslint/typescript-estree@https://registry.npmjs.org/@typescript-eslint/typescript-estree/-/typescript-estree-6.21.0.tgz 0ms (cache hit)
1925 http cache is-glob@https://registry.npmjs.org/is-glob/-/is-glob-4.0.3.tgz 0ms (cache hit)
1926 http cache semver@https://registry.npmjs.org/semver/-/semver-7.7.4.tgz 0ms (cache hit)
1927 http cache @typescript-eslint/types@https://registry.npmjs.org/@typescript-eslint/types/-/types-6.21.0.tgz 0ms (cache hit)
1928 http cache ignore@https://registry.npmjs.org/ignore/-/ignore-5.3.2.tgz 0ms (cache hit)
1929 http cache @typescript-eslint/visitor-keys@https://registry.npmjs.org/@typescript-eslint/visitor-keys/-/visitor-keys-6.21.0.tgz 0ms (cache hit)
1930 http cache ts-api-utils@https://registry.npmjs.org/ts-api-utils/-/ts-api-utils-1.4.3.tgz 0ms (cache hit)
1931 http cache @typescript-eslint/type-utils@https://registry.npmjs.org/@typescript-eslint/type-utils/-/type-utils-6.21.0.tgz 0ms (cache hit)
1932 http cache @typescript-eslint/utils@https://registry.npmjs.org/@typescript-eslint/utils/-/utils-6.21.0.tgz 0ms (cache hit)
1933 http cache natural-compare@https://registry.npmjs.org/natural-compare/-/natural-compare-1.4.0.tgz 0ms (cache hit)
1934 http cache debug@https://registry.npmjs.org/debug/-/debug-4.4.3.tgz 0ms (cache hit)
1935 http cache graphemer@https://registry.npmjs.org/graphemer/-/graphemer-1.4.0.tgz 0ms (cache hit)
1936 http cache @eslint-community/regexpp@https://registry.npmjs.org/@eslint-community/regexpp/-/regexpp-4.12.2.tgz 0ms (cache hit)
1937 http cache undici-types@https://registry.npmjs.org/undici-types/-/undici-types-6.21.0.tgz 0ms (cache hit)
1938 http cache @typescript-eslint/scope-manager@https://registry.npmjs.org/@typescript-eslint/scope-manager/-/scope-manager-6.21.0.tgz 0ms (cache hit)
1939 http cache vue-tsc@https://registry.npmjs.org/vue-tsc/-/vue-tsc-1.8.27.tgz 0ms (cache hit)
1940 http cache vue-router@https://registry.npmjs.org/vue-router/-/vue-router-4.6.4.tgz 0ms (cache hit)
1941 http cache typescript@https://registry.npmjs.org/typescript/-/typescript-5.9.3.tgz 0ms (cache hit)
1942 http cache sass@https://registry.npmjs.org/sass/-/sass-1.97.3.tgz 0ms (cache hit)
1943 http cache vue-echarts@https://registry.npmjs.org/vue-echarts/-/vue-echarts-6.7.3.tgz 0ms (cache hit)
1944 http cache nprogress@https://registry.npmjs.org/nprogress/-/nprogress-0.2.0.tgz 0ms (cache hit)
1945 http cache @vueuse/core@https://registry.npmjs.org/@vueuse/core/-/core-10.11.1.tgz 0ms (cache hit)
1946 http cache prettier@https://registry.npmjs.org/prettier/-/prettier-3.8.1.tgz 0ms (cache hit)
1947 http cache pinia@https://registry.npmjs.org/pinia/-/pinia-2.3.1.tgz 0ms (cache hit)
1948 http cache element-plus@https://registry.npmjs.org/element-plus/-/element-plus-2.13.2.tgz 0ms (cache hit)
1949 http cache eslint-plugin-vue@https://registry.npmjs.org/eslint-plugin-vue/-/eslint-plugin-vue-9.33.0.tgz 0ms (cache hit)
1950 http cache echarts@https://registry.npmjs.org/echarts/-/echarts-5.6.0.tgz 0ms (cache hit)
1951 http cache @vitejs/plugin-vue@https://registry.npmjs.org/@vitejs/plugin-vue/-/plugin-vue-5.2.4.tgz 0ms (cache hit)
1952 http cache dayjs@https://registry.npmjs.org/dayjs/-/dayjs-1.11.19.tgz 0ms (cache hit)
1953 http cache axios@https://registry.npmjs.org/axios/-/axios-1.13.5.tgz 0ms (cache hit)
1954 http cache eslint@https://registry.npmjs.org/eslint/-/eslint-8.57.1.tgz 0ms (cache hit)
1955 http cache vite@https://registry.npmjs.org/vite/-/vite-5.4.21.tgz 0ms (cache hit)
1956 http cache @typescript-eslint/eslint-plugin@https://registry.npmjs.org/@typescript-eslint/eslint-plugin/-/eslint-plugin-6.21.0.tgz 0ms (cache hit)
1957 http cache @typescript-eslint/parser@https://registry.npmjs.org/@typescript-eslint/parser/-/parser-6.21.0.tgz 0ms (cache hit)
1958 http cache vue@https://registry.npmjs.org/vue/-/vue-3.5.29.tgz 0ms (cache hit)
1959 http cache brace-expansion@https://registry.npmjs.org/brace-expansion/-/brace-expansion-1.1.12.tgz 0ms (cache hit)
1960 http cache @types/nprogress@https://registry.npmjs.org/@types/nprogress/-/nprogress-0.2.3.tgz 0ms (cache hit)
1961 http cache @types/node@https://registry.npmjs.org/@types/node/-/node-20.19.34.tgz 0ms (cache hit)
1962 http cache @element-plus/icons-vue@https://registry.npmjs.org/@element-plus/icons-vue/-/icons-vue-2.3.2.tgz 0ms (cache hit)
1963 http cache glob-parent@https://registry.npmjs.org/glob-parent/-/glob-parent-5.1.2.tgz 0ms (cache hit)
1964 http cache minimatch@https://registry.npmjs.org/minimatch/-/minimatch-3.1.5.tgz 0ms (cache hit)
1965 http cache picomatch@https://registry.npmjs.org/picomatch/-/picomatch-4.0.3.tgz 0ms (cache hit)
1966 http cache brace-expansion@https://registry.npmjs.org/brace-expansion/-/brace-expansion-1.1.12.tgz 0ms (cache hit)
1967 http cache minimatch@https://registry.npmjs.org/minimatch/-/minimatch-3.1.5.tgz 0ms (cache hit)
1968 http cache vue-demi@https://registry.npmjs.org/vue-demi/-/vue-demi-0.13.11.tgz 0ms (cache hit)
1969 http cache minimatch@https://registry.npmjs.org/minimatch/-/minimatch-3.1.5.tgz 0ms (cache hit)
1970 http cache brace-expansion@https://registry.npmjs.org/brace-expansion/-/brace-expansion-1.1.12.tgz 0ms (cache hit)
1971 http cache brace-expansion@https://registry.npmjs.org/brace-expansion/-/brace-expansion-1.1.12.tgz 0ms (cache hit)
1972 silly tarball no local data for isexe@https://registry.npmjs.org/isexe/-/isexe-2.0.0.tgz. Extracting by manifest.
1973 silly tarball no local data for concat-map@https://registry.npmjs.org/concat-map/-/concat-map-0.0.1.tgz. Extracting by manifest.
1974 http cache minimatch@https://registry.npmjs.org/minimatch/-/minimatch-3.1.5.tgz 0ms (cache hit)
1975 silly tarball no local data for he@https://registry.npmjs.org/he/-/he-1.2.0.tgz. Extracting by manifest.
1976 silly tarball no local data for @volar/source-map@https://registry.npmjs.org/@volar/source-map/-/source-map-1.11.1.tgz. Extracting by manifest.
1977 silly tarball no local data for de-indent@https://registry.npmjs.org/de-indent/-/de-indent-1.0.2.tgz. Extracting by manifest.
1978 silly tarball no local data for vue-template-compiler@https://registry.npmjs.org/vue-template-compiler/-/vue-template-compiler-2.7.16.tgz. Extracting by manifest.
1979 silly tarball no local data for @volar/language-core@https://registry.npmjs.org/@volar/language-core/-/language-core-1.11.1.tgz. Extracting by manifest.
1980 silly tarball no local data for @vue/language-core@https://registry.npmjs.org/@vue/language-core/-/language-core-1.8.27.tgz. Extracting by manifest.
1981 silly tarball no local data for computeds@https://registry.npmjs.org/computeds/-/computeds-0.0.1.tgz. Extracting by manifest.
1982 silly tarball no local data for muggle-string@https://registry.npmjs.org/muggle-string/-/muggle-string-0.3.1.tgz. Extracting by manifest.
1983 silly tarball no local data for path-browserify@https://registry.npmjs.org/path-browserify/-/path-browserify-1.0.1.tgz. Extracting by manifest.
1984 silly tarball no local data for @jridgewell/sourcemap-codec@https://registry.npmjs.org/@jridgewell/sourcemap-codec/-/sourcemap-codec-1.5.5.tgz. Extracting by manifest.
1985 silly tarball no local data for @vue/runtime-core@https://registry.npmjs.org/@vue/runtime-core/-/runtime-core-3.5.29.tgz. Extracting by manifest.
1986 silly tarball no local data for @volar/typescript@https://registry.npmjs.org/@volar/typescript/-/typescript-1.11.1.tgz. Extracting by manifest.
1987 silly tarball no local data for csstype@https://registry.npmjs.org/csstype/-/csstype-3.2.3.tgz. Extracting by manifest.
1988 silly tarball no local data for resize-detector@https://registry.npmjs.org/resize-detector/-/resize-detector-0.3.0.tgz. Extracting by manifest.
1989 silly tarball no local data for magic-string@https://registry.npmjs.org/magic-string/-/magic-string-0.30.21.tgz. Extracting by manifest.
1990 silly tarball no local data for @vue/reactivity@https://registry.npmjs.org/@vue/reactivity/-/reactivity-3.5.29.tgz. Extracting by manifest.
1991 silly tarball no local data for @vue/compiler-ssr@https://registry.npmjs.org/@vue/compiler-ssr/-/compiler-ssr-3.5.29.tgz. Extracting by manifest.
1992 silly tarball no local data for estree-walker@https://registry.npmjs.org/estree-walker/-/estree-walker-2.0.2.tgz. Extracting by manifest.
1993 silly tarball no local data for @babel/helper-validator-identifier@https://registry.npmjs.org/@babel/helper-validator-identifier/-/helper-validator-identifier-7.28.5.tgz. Extracting by manifest.
1994 silly tarball no local data for entities@https://registry.npmjs.org/entities/-/entities-7.0.1.tgz. Extracting by manifest.
1995 silly tarball no local data for @babel/types@https://registry.npmjs.org/@babel/types/-/types-7.29.0.tgz. Extracting by manifest.
1996 silly tarball no local data for @babel/helper-string-parser@https://registry.npmjs.org/@babel/helper-string-parser/-/helper-string-parser-7.27.1.tgz. Extracting by manifest.
1997 silly tarball no local data for @vue/compiler-core@https://registry.npmjs.org/@vue/compiler-core/-/compiler-core-3.5.29.tgz. Extracting by manifest.
1998 silly tarball no local data for @babel/parser@https://registry.npmjs.org/@babel/parser/-/parser-7.29.0.tgz. Extracting by manifest.
1999 silly tarball no local data for @vue/shared@https://registry.npmjs.org/@vue/shared/-/shared-3.5.29.tgz. Extracting by manifest.
2000 silly tarball no local data for @vue/server-renderer@https://registry.npmjs.org/@vue/server-renderer/-/server-renderer-3.5.29.tgz. Extracting by manifest.
2001 silly tarball no local data for @vue/compiler-sfc@https://registry.npmjs.org/@vue/compiler-sfc/-/compiler-sfc-3.5.29.tgz. Extracting by manifest.
2002 silly tarball no local data for @vue/runtime-dom@https://registry.npmjs.org/@vue/runtime-dom/-/runtime-dom-3.5.29.tgz. Extracting by manifest.
2003 silly tarball no local data for @rollup/rollup-win32-x64-msvc@https://registry.npmjs.org/@rollup/rollup-win32-x64-msvc/-/rollup-win32-x64-msvc-4.59.0.tgz. Extracting by manifest.
2004 silly tarball no local data for @vue/compiler-dom@https://registry.npmjs.org/@vue/compiler-dom/-/compiler-dom-3.5.29.tgz. Extracting by manifest.
2005 silly tarball no local data for @rollup/rollup-win32-x64-gnu@https://registry.npmjs.org/@rollup/rollup-win32-x64-gnu/-/rollup-win32-x64-gnu-4.59.0.tgz. Extracting by manifest.
2006 silly tarball no local data for @types/estree@https://registry.npmjs.org/@types/estree/-/estree-1.0.8.tgz. Extracting by manifest.
2007 silly tarball no local data for @esbuild/win32-x64@https://registry.npmjs.org/@esbuild/win32-x64/-/win32-x64-0.21.5.tgz. Extracting by manifest.
2008 silly tarball no local data for picocolors@https://registry.npmjs.org/picocolors/-/picocolors-1.1.1.tgz. Extracting by manifest.
2009 silly tarball no local data for nanoid@https://registry.npmjs.org/nanoid/-/nanoid-3.3.11.tgz. Extracting by manifest.
2010 silly tarball no local data for rollup@https://registry.npmjs.org/rollup/-/rollup-4.59.0.tgz. Extracting by manifest.
2011 silly tarball no local data for postcss@https://registry.npmjs.org/postcss/-/postcss-8.5.6.tgz. Extracting by manifest.
2012 silly tarball no local data for esbuild@https://registry.npmjs.org/esbuild/-/esbuild-0.21.5.tgz. Extracting by manifest.
2013 silly tarball no local data for punycode@https://registry.npmjs.org/punycode/-/punycode-2.3.1.tgz. Extracting by manifest.
2014 silly tarball no local data for has-flag@https://registry.npmjs.org/has-flag/-/has-flag-4.0.0.tgz. Extracting by manifest.
2015 silly tarball no local data for is-number@https://registry.npmjs.org/is-number/-/is-number-7.0.0.tgz. Extracting by manifest.
2016 silly tarball no local data for @parcel/watcher-win32-x64@https://registry.npmjs.org/@parcel/watcher-win32-x64/-/watcher-win32-x64-2.5.6.tgz. Extracting by manifest.
2017 silly tarball no local data for ansi-regex@https://registry.npmjs.org/ansi-regex/-/ansi-regex-5.0.1.tgz. Extracting by manifest.
2018 silly tarball no local data for shebang-regex@https://registry.npmjs.org/shebang-regex/-/shebang-regex-3.0.0.tgz. Extracting by manifest.
2019 silly tarball no local data for @parcel/watcher@https://registry.npmjs.org/@parcel/watcher/-/watcher-2.5.6.tgz. Extracting by manifest.
2020 silly tarball no local data for readdirp@https://registry.npmjs.org/readdirp/-/readdirp-4.1.2.tgz. Extracting by manifest.
2021 silly tarball no local data for node-addon-api@https://registry.npmjs.org/node-addon-api/-/node-addon-api-7.1.1.tgz. Extracting by manifest.
2022 silly tarball no local data for immutable@https://registry.npmjs.org/immutable/-/immutable-5.1.4.tgz. Extracting by manifest.
2023 silly tarball no local data for detect-libc@https://registry.npmjs.org/detect-libc/-/detect-libc-2.1.2.tgz. Extracting by manifest.
2024 silly tarball no local data for source-map-js@https://registry.npmjs.org/source-map-js/-/source-map-js-1.2.1.tgz. Extracting by manifest.
2025 silly tarball no local data for chokidar@https://registry.npmjs.org/chokidar/-/chokidar-4.0.3.tgz. Extracting by manifest.
2026 silly tarball no local data for queue-microtask@https://registry.npmjs.org/queue-microtask/-/queue-microtask-1.2.3.tgz. Extracting by manifest.
2027 silly tarball no local data for path-is-absolute@https://registry.npmjs.org/path-is-absolute/-/path-is-absolute-1.0.1.tgz. Extracting by manifest.
2028 silly tarball no local data for once@https://registry.npmjs.org/once/-/once-1.4.0.tgz. Extracting by manifest.
2029 silly tarball no local data for wrappy@https://registry.npmjs.org/wrappy/-/wrappy-1.0.2.tgz. Extracting by manifest.
2030 silly tarball no local data for inherits@https://registry.npmjs.org/inherits/-/inherits-2.0.4.tgz. Extracting by manifest.
2031 silly tarball no local data for fs.realpath@https://registry.npmjs.org/fs.realpath/-/fs.realpath-1.0.0.tgz. Extracting by manifest.
2032 silly tarball no local data for @vue/devtools-api@https://registry.npmjs.org/@vue/devtools-api/-/devtools-api-6.6.4.tgz. Extracting by manifest.
2033 silly tarball no local data for inflight@https://registry.npmjs.org/inflight/-/inflight-1.0.6.tgz. Extracting by manifest.
2034 silly tarball no local data for glob@https://registry.npmjs.org/glob/-/glob-7.2.3.tgz. Extracting by manifest.
2035 silly tarball no local data for util-deprecate@https://registry.npmjs.org/util-deprecate/-/util-deprecate-1.0.2.tgz. Extracting by manifest.
2036 silly tarball no local data for cssesc@https://registry.npmjs.org/cssesc/-/cssesc-3.0.0.tgz. Extracting by manifest.
2037 silly tarball no local data for vue-demi@https://registry.npmjs.org/vue-demi/-/vue-demi-0.14.10.tgz. Extracting by manifest.
2038 silly tarball no local data for callsites@https://registry.npmjs.org/callsites/-/callsites-3.1.0.tgz. Extracting by manifest.
2039 silly tarball no local data for yocto-queue@https://registry.npmjs.org/yocto-queue/-/yocto-queue-0.1.0.tgz. Extracting by manifest.
2040 silly tarball no local data for fast-levenshtein@https://registry.npmjs.org/fast-levenshtein/-/fast-levenshtein-2.0.6.tgz. Extracting by manifest.
2041 silly tarball no local data for p-limit@https://registry.npmjs.org/p-limit/-/p-limit-3.1.0.tgz. Extracting by manifest.
2042 silly tarball no local data for word-wrap@https://registry.npmjs.org/word-wrap/-/word-wrap-1.2.5.tgz. Extracting by manifest.
2043 silly tarball no local data for deep-is@https://registry.npmjs.org/deep-is/-/deep-is-0.1.4.tgz. Extracting by manifest.
2044 silly tarball no local data for boolbase@https://registry.npmjs.org/boolbase/-/boolbase-1.0.0.tgz. Extracting by manifest.
2045 silly tarball no local data for balanced-match@https://registry.npmjs.org/balanced-match/-/balanced-match-1.0.2.tgz. Extracting by manifest.
2046 silly tarball no local data for brace-expansion@https://registry.npmjs.org/brace-expansion/-/brace-expansion-2.0.2.tgz. Extracting by manifest.
2047 silly tarball no local data for fill-range@https://registry.npmjs.org/fill-range/-/fill-range-7.1.1.tgz. Extracting by manifest.
2048 silly tarball no local data for to-regex-range@https://registry.npmjs.org/to-regex-range/-/to-regex-range-5.0.1.tgz. Extracting by manifest.
2049 silly tarball no local data for picomatch@https://registry.npmjs.org/picomatch/-/picomatch-2.3.1.tgz. Extracting by manifest.
2050 silly tarball no local data for mime-db@https://registry.npmjs.org/mime-db/-/mime-db-1.52.0.tgz. Extracting by manifest.
2051 silly tarball no local data for p-locate@https://registry.npmjs.org/p-locate/-/p-locate-5.0.0.tgz. Extracting by manifest.
2052 silly tarball no local data for braces@https://registry.npmjs.org/braces/-/braces-3.0.3.tgz. Extracting by manifest.
2053 silly tarball no local data for type-check@https://registry.npmjs.org/type-check/-/type-check-0.4.0.tgz. Extracting by manifest.
2054 silly tarball no local data for json-buffer@https://registry.npmjs.org/json-buffer/-/json-buffer-3.0.1.tgz. Extracting by manifest.
2055 silly tarball no local data for prelude-ls@https://registry.npmjs.org/prelude-ls/-/prelude-ls-1.2.1.tgz. Extracting by manifest.
2056 silly tarball no local data for is-extglob@https://registry.npmjs.org/is-extglob/-/is-extglob-2.1.1.tgz. Extracting by manifest.
2057 silly tarball no local data for resolve-from@https://registry.npmjs.org/resolve-from/-/resolve-from-4.0.0.tgz. Extracting by manifest.
2058 silly tarball no local data for parent-module@https://registry.npmjs.org/parent-module/-/parent-module-1.0.1.tgz. Extracting by manifest.
2059 silly tarball no local data for argparse@https://registry.npmjs.org/argparse/-/argparse-2.0.1.tgz. Extracting by manifest.
2060 silly tarball no local data for micromatch@https://registry.npmjs.org/micromatch/-/micromatch-4.0.8.tgz. Extracting by manifest.
2061 silly tarball no local data for path-type@https://registry.npmjs.org/path-type/-/path-type-4.0.0.tgz. Extracting by manifest.
2062 silly tarball no local data for merge2@https://registry.npmjs.org/merge2/-/merge2-1.4.1.tgz. Extracting by manifest.
2063 silly tarball no local data for fast-glob@https://registry.npmjs.org/fast-glob/-/fast-glob-3.3.3.tgz. Extracting by manifest.
2064 silly tarball no local data for slash@https://registry.npmjs.org/slash/-/slash-3.0.0.tgz. Extracting by manifest.
2065 silly tarball no local data for dir-glob@https://registry.npmjs.org/dir-glob/-/dir-glob-3.0.1.tgz. Extracting by manifest.
2066 silly tarball no local data for array-union@https://registry.npmjs.org/array-union/-/array-union-2.1.0.tgz. Extracting by manifest.
2067 silly tarball no local data for dunder-proto@https://registry.npmjs.org/dunder-proto/-/dunder-proto-1.0.1.tgz. Extracting by manifest.
2068 silly tarball no local data for math-intrinsics@https://registry.npmjs.org/math-intrinsics/-/math-intrinsics-1.1.0.tgz. Extracting by manifest.
2069 silly tarball no local data for type-fest@https://registry.npmjs.org/type-fest/-/type-fest-0.20.2.tgz. Extracting by manifest.
2070 silly tarball no local data for gopd@https://registry.npmjs.org/gopd/-/gopd-1.2.0.tgz. Extracting by manifest.
2071 silly tarball no local data for has-symbols@https://registry.npmjs.org/has-symbols/-/has-symbols-1.1.0.tgz. Extracting by manifest.
2072 silly tarball no local data for get-proto@https://registry.npmjs.org/get-proto/-/get-proto-1.0.1.tgz. Extracting by manifest.
2073 silly tarball no local data for es-object-atoms@https://registry.npmjs.org/es-object-atoms/-/es-object-atoms-1.1.1.tgz. Extracting by manifest.
2074 silly tarball no local data for function-bind@https://registry.npmjs.org/function-bind/-/function-bind-1.1.2.tgz. Extracting by manifest.
2075 silly tarball no local data for es-define-property@https://registry.npmjs.org/es-define-property/-/es-define-property-1.0.1.tgz. Extracting by manifest.
2076 silly tarball no local data for get-intrinsic@https://registry.npmjs.org/get-intrinsic/-/get-intrinsic-1.3.0.tgz. Extracting by manifest.
2077 silly tarball no local data for call-bind-apply-helpers@https://registry.npmjs.org/call-bind-apply-helpers/-/call-bind-apply-helpers-1.0.2.tgz. Extracting by manifest.
2078 silly tarball no local data for es-errors@https://registry.npmjs.org/es-errors/-/es-errors-1.3.0.tgz. Extracting by manifest.
2079 silly tarball no local data for has-tostringtag@https://registry.npmjs.org/has-tostringtag/-/has-tostringtag-1.0.2.tgz. Extracting by manifest.
2080 silly tarball no local data for delayed-stream@https://registry.npmjs.org/delayed-stream/-/delayed-stream-1.0.0.tgz. Extracting by manifest.
2081 silly tarball no local data for hasown@https://registry.npmjs.org/hasown/-/hasown-2.0.2.tgz. Extracting by manifest.
2082 silly tarball no local data for es-set-tostringtag@https://registry.npmjs.org/es-set-tostringtag/-/es-set-tostringtag-2.1.0.tgz. Extracting by manifest.
2083 silly tarball no local data for mime-types@https://registry.npmjs.org/mime-types/-/mime-types-2.1.35.tgz. Extracting by manifest.
2084 silly tarball no local data for combined-stream@https://registry.npmjs.org/combined-stream/-/combined-stream-1.0.8.tgz. Extracting by manifest.
2085 silly tarball no local data for asynckit@https://registry.npmjs.org/asynckit/-/asynckit-0.4.0.tgz. Extracting by manifest.
2086 silly tarball no local data for rimraf@https://registry.npmjs.org/rimraf/-/rimraf-3.0.2.tgz. Extracting by manifest.
2087 silly tarball no local data for flatted@https://registry.npmjs.org/flatted/-/flatted-3.3.3.tgz. Extracting by manifest.
2088 silly tarball no local data for keyv@https://registry.npmjs.org/keyv/-/keyv-4.5.4.tgz. Extracting by manifest.
2089 silly tarball no local data for path-exists@https://registry.npmjs.org/path-exists/-/path-exists-4.0.0.tgz. Extracting by manifest.
2090 silly tarball no local data for flat-cache@https://registry.npmjs.org/flat-cache/-/flat-cache-3.2.0.tgz. Extracting by manifest.
2091 silly tarball no local data for reusify@https://registry.npmjs.org/reusify/-/reusify-1.1.0.tgz. Extracting by manifest.
2092 silly tarball no local data for locate-path@https://registry.npmjs.org/locate-path/-/locate-path-6.0.0.tgz. Extracting by manifest.
2093 silly tarball no local data for acorn-jsx@https://registry.npmjs.org/acorn-jsx/-/acorn-jsx-5.3.2.tgz. Extracting by manifest.
2094 silly tarball no local data for estraverse@https://registry.npmjs.org/estraverse/-/estraverse-5.3.0.tgz. Extracting by manifest.
2095 silly tarball no local data for acorn@https://registry.npmjs.org/acorn/-/acorn-8.16.0.tgz. Extracting by manifest.
2096 silly tarball no local data for esrecurse@https://registry.npmjs.org/esrecurse/-/esrecurse-4.3.0.tgz. Extracting by manifest.
2097 silly tarball no local data for vue-eslint-parser@https://registry.npmjs.org/vue-eslint-parser/-/vue-eslint-parser-9.4.3.tgz. Extracting by manifest.
2098 silly tarball no local data for xml-name-validator@https://registry.npmjs.org/xml-name-validator/-/xml-name-validator-4.0.0.tgz. Extracting by manifest.
2099 silly tarball no local data for postcss-selector-parser@https://registry.npmjs.org/postcss-selector-parser/-/postcss-selector-parser-6.1.2.tgz. Extracting by manifest.
2100 silly tarball no local data for nth-check@https://registry.npmjs.org/nth-check/-/nth-check-2.1.1.tgz. Extracting by manifest.
2101 silly tarball no local data for which@https://registry.npmjs.org/which/-/which-2.0.2.tgz. Extracting by manifest.
2102 silly tarball no local data for shebang-command@https://registry.npmjs.org/shebang-command/-/shebang-command-2.0.0.tgz. Extracting by manifest.
2103 silly tarball no local data for path-key@https://registry.npmjs.org/path-key/-/path-key-3.1.1.tgz. Extracting by manifest.
2104 silly tarball no local data for color-name@https://registry.npmjs.org/color-name/-/color-name-1.1.4.tgz. Extracting by manifest.
2105 silly tarball no local data for color-convert@https://registry.npmjs.org/color-convert/-/color-convert-2.0.1.tgz. Extracting by manifest.
2106 silly tarball no local data for supports-color@https://registry.npmjs.org/supports-color/-/supports-color-7.2.0.tgz. Extracting by manifest.
2107 silly tarball no local data for ansi-styles@https://registry.npmjs.org/ansi-styles/-/ansi-styles-4.3.0.tgz. Extracting by manifest.
2108 silly tarball no local data for json-schema-traverse@https://registry.npmjs.org/json-schema-traverse/-/json-schema-traverse-0.4.1.tgz. Extracting by manifest.
2109 silly tarball no local data for uri-js@https://registry.npmjs.org/uri-js/-/uri-js-4.4.1.tgz. Extracting by manifest.
2110 silly tarball no local data for fast-json-stable-stringify@https://registry.npmjs.org/fast-json-stable-stringify/-/fast-json-stable-stringify-2.1.0.tgz. Extracting by manifest.
2111 silly tarball no local data for run-parallel@https://registry.npmjs.org/run-parallel/-/run-parallel-1.2.0.tgz. Extracting by manifest.
2112 silly tarball no local data for fastq@https://registry.npmjs.org/fastq/-/fastq-1.20.1.tgz. Extracting by manifest.
2113 silly tarball no local data for @humanwhocodes/object-schema@https://registry.npmjs.org/@humanwhocodes/object-schema/-/object-schema-2.0.3.tgz. Extracting by manifest.
2114 silly tarball no local data for @nodelib/fs.stat@https://registry.npmjs.org/@nodelib/fs.stat/-/fs.stat-2.0.5.tgz. Extracting by manifest.
2115 silly tarball no local data for @nodelib/fs.scandir@https://registry.npmjs.org/@nodelib/fs.scandir/-/fs.scandir-2.1.5.tgz. Extracting by manifest.
2116 silly tarball no local data for strip-json-comments@https://registry.npmjs.org/strip-json-comments/-/strip-json-comments-3.1.1.tgz. Extracting by manifest.
2117 silly tarball no local data for text-table@https://registry.npmjs.org/text-table/-/text-table-0.2.0.tgz. Extracting by manifest.
2118 silly tarball no local data for import-fresh@https://registry.npmjs.org/import-fresh/-/import-fresh-3.3.1.tgz. Extracting by manifest.
2119 silly tarball no local data for strip-ansi@https://registry.npmjs.org/strip-ansi/-/strip-ansi-6.0.1.tgz. Extracting by manifest.
2120 silly tarball no local data for optionator@https://registry.npmjs.org/optionator/-/optionator-0.9.4.tgz. Extracting by manifest.
2121 silly tarball no local data for lodash.merge@https://registry.npmjs.org/lodash.merge/-/lodash.merge-4.6.2.tgz. Extracting by manifest.
2122 silly tarball no local data for levn@https://registry.npmjs.org/levn/-/levn-0.4.1.tgz. Extracting by manifest.
2123 silly tarball no local data for js-yaml@https://registry.npmjs.org/js-yaml/-/js-yaml-4.1.1.tgz. Extracting by manifest.
2124 silly tarball no local data for json-stable-stringify-without-jsonify@https://registry.npmjs.org/json-stable-stringify-without-jsonify/-/json-stable-stringify-without-jsonify-1.0.1.tgz. Extracting by manifest.
2125 silly tarball no local data for is-path-inside@https://registry.npmjs.org/is-path-inside/-/is-path-inside-3.0.3.tgz. Extracting by manifest.
2126 silly tarball no local data for globals@https://registry.npmjs.org/globals/-/globals-13.24.0.tgz. Extracting by manifest.
2127 silly tarball no local data for imurmurhash@https://registry.npmjs.org/imurmurhash/-/imurmurhash-0.1.4.tgz. Extracting by manifest.
2128 silly tarball no local data for glob-parent@https://registry.npmjs.org/glob-parent/-/glob-parent-6.0.2.tgz. Extracting by manifest.
2129 silly tarball no local data for find-up@https://registry.npmjs.org/find-up/-/find-up-5.0.0.tgz. Extracting by manifest.
2130 silly tarball no local data for file-entry-cache@https://registry.npmjs.org/file-entry-cache/-/file-entry-cache-6.0.1.tgz. Extracting by manifest.
2131 silly tarball no local data for fast-deep-equal@https://registry.npmjs.org/fast-deep-equal/-/fast-deep-equal-3.1.3.tgz. Extracting by manifest.
2132 silly tarball no local data for esquery@https://registry.npmjs.org/esquery/-/esquery-1.7.0.tgz. Extracting by manifest.
2133 silly tarball no local data for esutils@https://registry.npmjs.org/esutils/-/esutils-2.0.3.tgz. Extracting by manifest.
2134 silly tarball no local data for espree@https://registry.npmjs.org/espree/-/espree-9.6.1.tgz. Extracting by manifest.
2135 silly tarball no local data for eslint-scope@https://registry.npmjs.org/eslint-scope/-/eslint-scope-7.2.2.tgz. Extracting by manifest.
2136 silly tarball no local data for escape-string-regexp@https://registry.npmjs.org/escape-string-regexp/-/escape-string-regexp-4.0.0.tgz. Extracting by manifest.
2137 silly tarball no local data for cross-spawn@https://registry.npmjs.org/cross-spawn/-/cross-spawn-7.0.6.tgz. Extracting by manifest.
2138 silly tarball no local data for doctrine@https://registry.npmjs.org/doctrine/-/doctrine-3.0.0.tgz. Extracting by manifest.
2139 silly tarball no local data for chalk@https://registry.npmjs.org/chalk/-/chalk-4.1.2.tgz. Extracting by manifest.
2140 silly tarball no local data for ajv@https://registry.npmjs.org/ajv/-/ajv-6.14.0.tgz. Extracting by manifest.
2141 silly tarball no local data for @humanwhocodes/module-importer@https://registry.npmjs.org/@humanwhocodes/module-importer/-/module-importer-1.0.1.tgz. Extracting by manifest.
2142 silly tarball no local data for @ungap/structured-clone@https://registry.npmjs.org/@ungap/structured-clone/-/structured-clone-1.3.0.tgz. Extracting by manifest.
2143 silly tarball no local data for @nodelib/fs.walk@https://registry.npmjs.org/@nodelib/fs.walk/-/fs.walk-1.2.8.tgz. Extracting by manifest.
2144 silly tarball no local data for @humanwhocodes/config-array@https://registry.npmjs.org/@humanwhocodes/config-array/-/config-array-0.13.0.tgz. Extracting by manifest.
2145 silly tarball no local data for @eslint/js@https://registry.npmjs.org/@eslint/js/-/js-8.57.1.tgz. Extracting by manifest.
2146 silly tarball no local data for @eslint/eslintrc@https://registry.npmjs.org/@eslint/eslintrc/-/eslintrc-2.1.4.tgz. Extracting by manifest.
2147 silly tarball no local data for normalize-wheel-es@https://registry.npmjs.org/normalize-wheel-es/-/normalize-wheel-es-1.2.0.tgz. Extracting by manifest.
2148 silly tarball no local data for @floating-ui/core@https://registry.npmjs.org/@floating-ui/core/-/core-1.7.4.tgz. Extracting by manifest.
2149 silly tarball no local data for @floating-ui/utils@https://registry.npmjs.org/@floating-ui/utils/-/utils-0.2.10.tgz. Extracting by manifest.
2150 silly tarball no local data for @floating-ui/dom@https://registry.npmjs.org/@floating-ui/dom/-/dom-1.7.5.tgz. Extracting by manifest.
2151 silly tarball no local data for lodash-es@https://registry.npmjs.org/lodash-es/-/lodash-es-4.17.23.tgz. Extracting by manifest.
2152 silly tarball no local data for memoize-one@https://registry.npmjs.org/memoize-one/-/memoize-one-6.0.0.tgz. Extracting by manifest.
2153 silly tarball no local data for @popperjs/core@https://registry.npmjs.org/@sxzz/popperjs-es/-/popperjs-es-2.11.8.tgz. Extracting by manifest.
2154 silly tarball no local data for lodash-unified@https://registry.npmjs.org/lodash-unified/-/lodash-unified-1.0.3.tgz. Extracting by manifest.
2155 silly tarball no local data for lodash@https://registry.npmjs.org/lodash/-/lodash-4.17.23.tgz. Extracting by manifest.
2156 silly tarball no local data for async-validator@https://registry.npmjs.org/async-validator/-/async-validator-4.2.5.tgz. Extracting by manifest.
2157 silly tarball no local data for @ctrl/tinycolor@https://registry.npmjs.org/@ctrl/tinycolor/-/tinycolor-3.6.1.tgz. Extracting by manifest.
2158 silly tarball no local data for zrender@https://registry.npmjs.org/zrender/-/zrender-5.6.1.tgz. Extracting by manifest.
2159 silly tarball no local data for @types/lodash-es@https://registry.npmjs.org/@types/lodash-es/-/lodash-es-4.17.12.tgz. Extracting by manifest.
2160 silly tarball no local data for tslib@https://registry.npmjs.org/tslib/-/tslib-2.3.0.tgz. Extracting by manifest.
2161 silly tarball no local data for @types/lodash@https://registry.npmjs.org/@types/lodash/-/lodash-4.17.24.tgz. Extracting by manifest.
2162 silly tarball no local data for @vueuse/shared@https://registry.npmjs.org/@vueuse/shared/-/shared-10.11.1.tgz. Extracting by manifest.
2163 silly tarball no local data for ms@https://registry.npmjs.org/ms/-/ms-2.1.3.tgz. Extracting by manifest.
2164 silly tarball no local data for follow-redirects@https://registry.npmjs.org/follow-redirects/-/follow-redirects-1.15.11.tgz. Extracting by manifest.
2165 silly tarball no local data for form-data@https://registry.npmjs.org/form-data/-/form-data-4.0.5.tgz. Extracting by manifest.
2166 silly tarball no local data for proxy-from-env@https://registry.npmjs.org/proxy-from-env/-/proxy-from-env-1.1.0.tgz. Extracting by manifest.
2167 silly tarball no local data for @types/web-bluetooth@https://registry.npmjs.org/@types/web-bluetooth/-/web-bluetooth-0.0.20.tgz. Extracting by manifest.
2168 silly tarball no local data for @vueuse/metadata@https://registry.npmjs.org/@vueuse/metadata/-/metadata-10.11.1.tgz. Extracting by manifest.
2169 silly tarball no local data for @eslint-community/eslint-utils@https://registry.npmjs.org/@eslint-community/eslint-utils/-/eslint-utils-4.9.1.tgz. Extracting by manifest.
2170 silly tarball no local data for eslint-visitor-keys@https://registry.npmjs.org/eslint-visitor-keys/-/eslint-visitor-keys-3.4.3.tgz. Extracting by manifest.
2171 silly tarball no local data for @types/json-schema@https://registry.npmjs.org/@types/json-schema/-/json-schema-7.0.15.tgz. Extracting by manifest.
2172 silly tarball no local data for @types/semver@https://registry.npmjs.org/@types/semver/-/semver-7.7.1.tgz. Extracting by manifest.
2173 silly tarball no local data for minimatch@https://registry.npmjs.org/minimatch/-/minimatch-9.0.3.tgz. Extracting by manifest.
2174 silly tarball no local data for globby@https://registry.npmjs.org/globby/-/globby-11.1.0.tgz. Extracting by manifest.
2175 silly tarball no local data for @typescript-eslint/typescript-estree@https://registry.npmjs.org/@typescript-eslint/typescript-estree/-/typescript-estree-6.21.0.tgz. Extracting by manifest.
2176 silly tarball no local data for is-glob@https://registry.npmjs.org/is-glob/-/is-glob-4.0.3.tgz. Extracting by manifest.
2177 silly tarball no local data for semver@https://registry.npmjs.org/semver/-/semver-7.7.4.tgz. Extracting by manifest.
2178 silly tarball no local data for @typescript-eslint/types@https://registry.npmjs.org/@typescript-eslint/types/-/types-6.21.0.tgz. Extracting by manifest.
2179 silly tarball no local data for ignore@https://registry.npmjs.org/ignore/-/ignore-5.3.2.tgz. Extracting by manifest.
2180 silly tarball no local data for @typescript-eslint/visitor-keys@https://registry.npmjs.org/@typescript-eslint/visitor-keys/-/visitor-keys-6.21.0.tgz. Extracting by manifest.
2181 silly tarball no local data for ts-api-utils@https://registry.npmjs.org/ts-api-utils/-/ts-api-utils-1.4.3.tgz. Extracting by manifest.
2182 silly tarball no local data for @typescript-eslint/type-utils@https://registry.npmjs.org/@typescript-eslint/type-utils/-/type-utils-6.21.0.tgz. Extracting by manifest.
2183 silly tarball no local data for @typescript-eslint/utils@https://registry.npmjs.org/@typescript-eslint/utils/-/utils-6.21.0.tgz. Extracting by manifest.
2184 silly tarball no local data for natural-compare@https://registry.npmjs.org/natural-compare/-/natural-compare-1.4.0.tgz. Extracting by manifest.
2185 silly tarball no local data for debug@https://registry.npmjs.org/debug/-/debug-4.4.3.tgz. Extracting by manifest.
2186 silly tarball no local data for graphemer@https://registry.npmjs.org/graphemer/-/graphemer-1.4.0.tgz. Extracting by manifest.
2187 silly tarball no local data for @eslint-community/regexpp@https://registry.npmjs.org/@eslint-community/regexpp/-/regexpp-4.12.2.tgz. Extracting by manifest.
2188 silly tarball no local data for undici-types@https://registry.npmjs.org/undici-types/-/undici-types-6.21.0.tgz. Extracting by manifest.
2189 silly tarball no local data for @typescript-eslint/scope-manager@https://registry.npmjs.org/@typescript-eslint/scope-manager/-/scope-manager-6.21.0.tgz. Extracting by manifest.
2190 silly tarball no local data for vue-tsc@https://registry.npmjs.org/vue-tsc/-/vue-tsc-1.8.27.tgz. Extracting by manifest.
2191 silly tarball no local data for vue-router@https://registry.npmjs.org/vue-router/-/vue-router-4.6.4.tgz. Extracting by manifest.
2192 silly tarball no local data for typescript@https://registry.npmjs.org/typescript/-/typescript-5.9.3.tgz. Extracting by manifest.
2193 silly tarball no local data for sass@https://registry.npmjs.org/sass/-/sass-1.97.3.tgz. Extracting by manifest.
2194 silly tarball no local data for vue-echarts@https://registry.npmjs.org/vue-echarts/-/vue-echarts-6.7.3.tgz. Extracting by manifest.
2195 silly tarball no local data for nprogress@https://registry.npmjs.org/nprogress/-/nprogress-0.2.0.tgz. Extracting by manifest.
2196 silly tarball no local data for @vueuse/core@https://registry.npmjs.org/@vueuse/core/-/core-10.11.1.tgz. Extracting by manifest.
2197 silly tarball no local data for prettier@https://registry.npmjs.org/prettier/-/prettier-3.8.1.tgz. Extracting by manifest.
2198 silly tarball no local data for pinia@https://registry.npmjs.org/pinia/-/pinia-2.3.1.tgz. Extracting by manifest.
2199 silly tarball no local data for element-plus@https://registry.npmjs.org/element-plus/-/element-plus-2.13.2.tgz. Extracting by manifest.
2200 silly tarball no local data for eslint-plugin-vue@https://registry.npmjs.org/eslint-plugin-vue/-/eslint-plugin-vue-9.33.0.tgz. Extracting by manifest.
2201 silly tarball no local data for echarts@https://registry.npmjs.org/echarts/-/echarts-5.6.0.tgz. Extracting by manifest.
2202 silly tarball no local data for @vitejs/plugin-vue@https://registry.npmjs.org/@vitejs/plugin-vue/-/plugin-vue-5.2.4.tgz. Extracting by manifest.
2203 silly tarball no local data for dayjs@https://registry.npmjs.org/dayjs/-/dayjs-1.11.19.tgz. Extracting by manifest.
2204 silly tarball no local data for axios@https://registry.npmjs.org/axios/-/axios-1.13.5.tgz. Extracting by manifest.
2205 silly tarball no local data for eslint@https://registry.npmjs.org/eslint/-/eslint-8.57.1.tgz. Extracting by manifest.
2206 silly tarball no local data for vite@https://registry.npmjs.org/vite/-/vite-5.4.21.tgz. Extracting by manifest.
2207 silly tarball no local data for @typescript-eslint/eslint-plugin@https://registry.npmjs.org/@typescript-eslint/eslint-plugin/-/eslint-plugin-6.21.0.tgz. Extracting by manifest.
2208 silly tarball no local data for @typescript-eslint/parser@https://registry.npmjs.org/@typescript-eslint/parser/-/parser-6.21.0.tgz. Extracting by manifest.
2209 silly tarball no local data for vue@https://registry.npmjs.org/vue/-/vue-3.5.29.tgz. Extracting by manifest.
2210 silly tarball no local data for brace-expansion@https://registry.npmjs.org/brace-expansion/-/brace-expansion-1.1.12.tgz. Extracting by manifest.
2211 silly tarball no local data for @types/nprogress@https://registry.npmjs.org/@types/nprogress/-/nprogress-0.2.3.tgz. Extracting by manifest.
2212 silly tarball no local data for @types/node@https://registry.npmjs.org/@types/node/-/node-20.19.34.tgz. Extracting by manifest.
2213 silly tarball no local data for @element-plus/icons-vue@https://registry.npmjs.org/@element-plus/icons-vue/-/icons-vue-2.3.2.tgz. Extracting by manifest.
2214 silly tarball no local data for glob-parent@https://registry.npmjs.org/glob-parent/-/glob-parent-5.1.2.tgz. Extracting by manifest.
2215 silly tarball no local data for minimatch@https://registry.npmjs.org/minimatch/-/minimatch-3.1.5.tgz. Extracting by manifest.
2216 silly tarball no local data for picomatch@https://registry.npmjs.org/picomatch/-/picomatch-4.0.3.tgz. Extracting by manifest.
2217 silly tarball no local data for brace-expansion@https://registry.npmjs.org/brace-expansion/-/brace-expansion-1.1.12.tgz. Extracting by manifest.
2218 silly tarball no local data for minimatch@https://registry.npmjs.org/minimatch/-/minimatch-3.1.5.tgz. Extracting by manifest.
2219 silly tarball no local data for vue-demi@https://registry.npmjs.org/vue-demi/-/vue-demi-0.13.11.tgz. Extracting by manifest.
2220 silly tarball no local data for minimatch@https://registry.npmjs.org/minimatch/-/minimatch-3.1.5.tgz. Extracting by manifest.
2221 silly tarball no local data for brace-expansion@https://registry.npmjs.org/brace-expansion/-/brace-expansion-1.1.12.tgz. Extracting by manifest.
2222 silly tarball no local data for brace-expansion@https://registry.npmjs.org/brace-expansion/-/brace-expansion-1.1.12.tgz. Extracting by manifest.
2223 silly tarball no local data for minimatch@https://registry.npmjs.org/minimatch/-/minimatch-3.1.5.tgz. Extracting by manifest.
2224 http fetch GET 200 https://registry.npmjs.org/de-indent/-/de-indent-1.0.2.tgz 591ms (cache miss)
2225 http fetch GET 200 https://registry.npmjs.org/concat-map/-/concat-map-0.0.1.tgz 598ms (cache miss)
2226 http fetch POST 200 https://registry.npmjs.org/-/npm/v1/security/advisories/bulk 1029ms
2227 silly audit report {
2227 silly audit report   minimatch: [
2227 silly audit report     {
2227 silly audit report       id: 1113465,
2227 silly audit report       url: 'https://github.com/advisories/GHSA-3ppc-4f35-3m26',
2227 silly audit report       title: 'minimatch has a ReDoS via repeated wildcards with non-matching literal in pattern',
2227 silly audit report       severity: 'high',
2227 silly audit report       vulnerable_versions: '>=9.0.0 <9.0.6',
2227 silly audit report       cwe: [Array],
2227 silly audit report       cvss: [Object]
2227 silly audit report     }
2227 silly audit report   ],
2227 silly audit report   esbuild: [
2227 silly audit report     {
2227 silly audit report       id: 1102341,
2227 silly audit report       url: 'https://github.com/advisories/GHSA-67mh-4wv8-2f99',
2227 silly audit report       title: 'esbuild enables any website to send any requests to the development server and read the response',
2227 silly audit report       severity: 'moderate',
2227 silly audit report       vulnerable_versions: '<=0.24.2',
2227 silly audit report       cwe: [Array],
2227 silly audit report       cvss: [Object]
2227 silly audit report     }
2227 silly audit report   ],
2227 silly audit report   'vue-template-compiler': [
2227 silly audit report     {
2227 silly audit report       id: 1111772,
2227 silly audit report       url: 'https://github.com/advisories/GHSA-g3ch-rx76-35fx',
2227 silly audit report       title: 'vue-template-compiler vulnerable to client-side Cross-Site Scripting (XSS)',
2227 silly audit report       severity: 'moderate',
2227 silly audit report       vulnerable_versions: '>=2.0.0 <3.0.0',
2227 silly audit report       cwe: [Array],
2227 silly audit report       cvss: [Object]
2227 silly audit report     }
2227 silly audit report   ]
2227 silly audit report }
2228 silly packumentCache corgi:https://registry.npmjs.org/minimatch cache-miss
2229 silly packumentCache corgi:https://registry.npmjs.org/esbuild cache-miss
2230 silly packumentCache corgi:https://registry.npmjs.org/vue-template-compiler cache-miss
2231 http fetch GET 200 https://registry.npmjs.org/@volar/source-map/-/source-map-1.11.1.tgz 859ms (cache miss)
2232 http fetch GET 200 https://registry.npmjs.org/@volar/language-core/-/language-core-1.11.1.tgz 1023ms (cache miss)
2233 http fetch GET 200 https://registry.npmjs.org/resize-detector/-/resize-detector-0.3.0.tgz 1143ms (cache miss)
2234 http fetch GET 200 https://registry.npmjs.org/@vue/language-core/-/language-core-1.8.27.tgz 1638ms (cache miss)
2235 http fetch GET 200 https://registry.npmjs.org/computeds/-/computeds-0.0.1.tgz 1733ms (cache miss)
2236 http fetch GET 200 https://registry.npmjs.org/muggle-string/-/muggle-string-0.3.1.tgz 2259ms (cache miss)
2237 http fetch GET 200 https://registry.npmjs.org/@babel/helper-validator-identifier/-/helper-validator-identifier-7.28.5.tgz 2248ms (cache miss)
2238 http fetch GET 200 https://registry.npmjs.org/@jridgewell/sourcemap-codec/-/sourcemap-codec-1.5.5.tgz 2326ms (cache miss)
2239 http fetch GET 200 https://registry.npmjs.org/@volar/typescript/-/typescript-1.11.1.tgz 2407ms (cache miss)
2240 http fetch GET 200 https://registry.npmjs.org/estree-walker/-/estree-walker-2.0.2.tgz 2463ms (cache miss)
2241 http fetch GET 200 https://registry.npmjs.org/@vue/reactivity/-/reactivity-3.5.29.tgz 2823ms (cache miss)
2242 http fetch GET 200 https://registry.npmjs.org/path-browserify/-/path-browserify-1.0.1.tgz 2866ms (cache miss)
2243 http fetch GET 200 https://registry.npmjs.org/@vue/compiler-ssr/-/compiler-ssr-3.5.29.tgz 2948ms (cache miss)
2244 http fetch GET 200 https://registry.npmjs.org/@babel/helper-string-parser/-/helper-string-parser-7.27.1.tgz 4458ms (cache miss)
2245 http fetch GET 200 https://registry.npmjs.org/@vue/server-renderer/-/server-renderer-3.5.29.tgz 5087ms (cache miss)
2246 http fetch GET 200 https://registry.npmjs.org/@vue/shared/-/shared-3.5.29.tgz 5323ms (cache miss)
2247 http fetch GET 200 https://registry.npmjs.org/isexe/-/isexe-2.0.0.tgz 5388ms (cache miss)
2248 http fetch GET 200 https://registry.npmjs.org/@vue/compiler-core/-/compiler-core-3.5.29.tgz 6368ms (cache miss)
2249 http fetch GET 200 https://registry.npmjs.org/@types/estree/-/estree-1.0.8.tgz 6759ms (cache miss)
2250 http fetch GET 200 https://registry.npmjs.org/picocolors/-/picocolors-1.1.1.tgz 6931ms (cache miss)
2251 http fetch GET 200 https://registry.npmjs.org/nanoid/-/nanoid-3.3.11.tgz 7287ms (cache miss)
2252 http fetch GET 200 https://registry.npmjs.org/@vue/compiler-dom/-/compiler-dom-3.5.29.tgz 8474ms (cache miss)
2253 http fetch GET 200 https://registry.npmjs.org/vue-template-compiler/-/vue-template-compiler-2.7.16.tgz 8912ms (cache miss)
2254 http fetch GET 200 https://registry.npmjs.org/postcss/-/postcss-8.5.6.tgz 10507ms (cache miss)
2255 http fetch GET 200 https://registry.npmjs.org/punycode/-/punycode-2.3.1.tgz 10791ms (cache miss)
2256 http fetch GET 200 https://registry.npmjs.org/has-flag/-/has-flag-4.0.0.tgz 11000ms (cache miss)
2257 http fetch GET 200 https://registry.npmjs.org/csstype/-/csstype-3.2.3.tgz 11066ms (cache miss)
2258 http fetch GET 200 https://registry.npmjs.org/is-number/-/is-number-7.0.0.tgz 11248ms (cache miss)
2259 http fetch GET 200 https://registry.npmjs.org/ansi-regex/-/ansi-regex-5.0.1.tgz 11485ms (cache miss)
2260 http fetch GET 200 https://registry.npmjs.org/esbuild/-/esbuild-0.21.5.tgz 11827ms (cache miss)
2261 http fetch GET 200 https://registry.npmjs.org/shebang-regex/-/shebang-regex-3.0.0.tgz 11914ms (cache miss)
2262 http fetch GET 200 https://registry.npmjs.org/readdirp/-/readdirp-4.1.2.tgz 13385ms (cache miss)
2263 http fetch GET 200 https://registry.npmjs.org/magic-string/-/magic-string-0.30.21.tgz 14214ms (cache miss)
2264 http fetch GET 200 https://registry.npmjs.org/@parcel/watcher/-/watcher-2.5.6.tgz 14219ms (cache miss)
2265 http fetch GET 200 https://registry.npmjs.org/entities/-/entities-7.0.1.tgz 15585ms (cache miss)
2266 http fetch GET 200 https://registry.npmjs.org/detect-libc/-/detect-libc-2.1.2.tgz 15724ms (cache miss)
2267 http fetch GET 200 https://registry.npmjs.org/@vue/runtime-dom/-/runtime-dom-3.5.29.tgz 17370ms (cache miss)
2268 http fetch GET 200 https://registry.npmjs.org/he/-/he-1.2.0.tgz 17813ms (cache miss)
2269 http fetch GET 200 https://registry.npmjs.org/queue-microtask/-/queue-microtask-1.2.3.tgz 18026ms (cache miss)
2270 http fetch GET 200 https://registry.npmjs.org/once/-/once-1.4.0.tgz 18246ms (cache miss)
2271 http fetch GET 200 https://registry.npmjs.org/path-is-absolute/-/path-is-absolute-1.0.1.tgz 18441ms (cache miss)
2272 http fetch GET 200 https://registry.npmjs.org/wrappy/-/wrappy-1.0.2.tgz 18471ms (cache miss)
2273 http fetch GET 200 https://registry.npmjs.org/chokidar/-/chokidar-4.0.3.tgz 18489ms (cache miss)
2274 http fetch GET 200 https://registry.npmjs.org/fs.realpath/-/fs.realpath-1.0.0.tgz 18790ms (cache miss)
2275 http fetch GET 200 https://registry.npmjs.org/node-addon-api/-/node-addon-api-7.1.1.tgz 19022ms (cache miss)
2276 http fetch GET 200 https://registry.npmjs.org/inflight/-/inflight-1.0.6.tgz 19013ms (cache miss)
2277 warn deprecated inflight@1.0.6: This module is not supported, and leaks memory. Do not use it. Check out lru-cache if you want a good and tested way to coalesce async requests by a key value, which is much more comprehensive and powerful.
2278 http fetch GET 200 https://registry.npmjs.org/inherits/-/inherits-2.0.4.tgz 19061ms (cache miss)
2279 http fetch GET 200 https://registry.npmjs.org/@vue/devtools-api/-/devtools-api-6.6.4.tgz 19723ms (cache miss)
2280 http fetch GET 200 https://registry.npmjs.org/util-deprecate/-/util-deprecate-1.0.2.tgz 19803ms (cache miss)
2281 http fetch GET 200 https://registry.npmjs.org/callsites/-/callsites-3.1.0.tgz 20264ms (cache miss)
2282 http fetch GET 200 https://registry.npmjs.org/yocto-queue/-/yocto-queue-0.1.0.tgz 20574ms (cache miss)
2283 http fetch GET 200 https://registry.npmjs.org/glob/-/glob-7.2.3.tgz 20625ms (cache miss)
2284 warn deprecated glob@7.2.3: Old versions of glob are not supported, and contain widely publicized security vulnerabilities, which have been fixed in the current version. Please update. Support for old versions may be purchased (at exorbitant rates) by contacting i@izs.me
2285 http fetch GET 200 https://registry.npmjs.org/cssesc/-/cssesc-3.0.0.tgz 20700ms (cache miss)
2286 http fetch GET 200 https://registry.npmjs.org/p-limit/-/p-limit-3.1.0.tgz 21010ms (cache miss)
2287 http fetch GET 200 https://registry.npmjs.org/source-map-js/-/source-map-js-1.2.1.tgz 21075ms (cache miss)
2288 http fetch GET 200 https://registry.npmjs.org/boolbase/-/boolbase-1.0.0.tgz 21280ms (cache miss)
2289 http fetch GET 200 https://registry.npmjs.org/deep-is/-/deep-is-0.1.4.tgz 21361ms (cache miss)
2290 http fetch GET 200 https://registry.npmjs.org/fast-levenshtein/-/fast-levenshtein-2.0.6.tgz 21468ms (cache miss)
2291 http fetch GET 200 https://registry.npmjs.org/balanced-match/-/balanced-match-1.0.2.tgz 21848ms (cache miss)
2292 http fetch GET 200 https://registry.npmjs.org/vue-demi/-/vue-demi-0.14.10.tgz 21879ms (cache miss)
2293 http fetch GET 200 https://registry.npmjs.org/fill-range/-/fill-range-7.1.1.tgz 21950ms (cache miss)
2294 http fetch GET 200 https://registry.npmjs.org/word-wrap/-/word-wrap-1.2.5.tgz 21996ms (cache miss)
2295 http fetch GET 200 https://registry.npmjs.org/@babel/parser/-/parser-7.29.0.tgz 22561ms (cache miss)
2296 http fetch GET 200 https://registry.npmjs.org/immutable/-/immutable-5.1.4.tgz 22953ms (cache miss)
2297 http fetch GET 200 https://registry.npmjs.org/brace-expansion/-/brace-expansion-2.0.2.tgz 23234ms (cache miss)
2298 http fetch GET 200 https://registry.npmjs.org/mime-db/-/mime-db-1.52.0.tgz 23324ms (cache miss)
2299 http fetch GET 200 https://registry.npmjs.org/braces/-/braces-3.0.3.tgz 23528ms (cache miss)
2300 http fetch GET 200 https://registry.npmjs.org/json-buffer/-/json-buffer-3.0.1.tgz 24124ms (cache miss)
2301 http fetch GET 200 https://registry.npmjs.org/prelude-ls/-/prelude-ls-1.2.1.tgz 24147ms (cache miss)
2302 http fetch GET 200 https://registry.npmjs.org/p-locate/-/p-locate-5.0.0.tgz 24320ms (cache miss)
2303 http fetch GET 200 https://registry.npmjs.org/is-extglob/-/is-extglob-2.1.1.tgz 24420ms (cache miss)
2304 http fetch GET 200 https://registry.npmjs.org/parent-module/-/parent-module-1.0.1.tgz 24752ms (cache miss)
2305 http fetch GET 200 https://registry.npmjs.org/to-regex-range/-/to-regex-range-5.0.1.tgz 25017ms (cache miss)
2306 http fetch GET 200 https://registry.npmjs.org/path-type/-/path-type-4.0.0.tgz 24996ms (cache miss)
2307 http fetch GET 200 https://registry.npmjs.org/merge2/-/merge2-1.4.1.tgz 25304ms (cache miss)
2308 http fetch GET 200 https://registry.npmjs.org/resolve-from/-/resolve-from-4.0.0.tgz 25438ms (cache miss)
2309 http fetch GET 200 https://registry.npmjs.org/picomatch/-/picomatch-2.3.1.tgz 25607ms (cache miss)
2310 http fetch GET 200 https://registry.npmjs.org/micromatch/-/micromatch-4.0.8.tgz 25690ms (cache miss)
2311 http fetch GET 200 https://registry.npmjs.org/dir-glob/-/dir-glob-3.0.1.tgz 25900ms (cache miss)
2312 http fetch GET 200 https://registry.npmjs.org/array-union/-/array-union-2.1.0.tgz 26048ms (cache miss)
2313 http fetch GET 200 https://registry.npmjs.org/slash/-/slash-3.0.0.tgz 26055ms (cache miss)
2314 http fetch GET 200 https://registry.npmjs.org/dunder-proto/-/dunder-proto-1.0.1.tgz 26067ms (cache miss)
2315 http fetch GET 200 https://registry.npmjs.org/math-intrinsics/-/math-intrinsics-1.1.0.tgz 26933ms (cache miss)
2316 http fetch GET 200 https://registry.npmjs.org/has-symbols/-/has-symbols-1.1.0.tgz 27145ms (cache miss)
2317 http fetch GET 200 https://registry.npmjs.org/fast-glob/-/fast-glob-3.3.3.tgz 27174ms (cache miss)
2318 http fetch GET 200 https://registry.npmjs.org/es-object-atoms/-/es-object-atoms-1.1.1.tgz 27627ms (cache miss)
2319 http fetch GET 200 https://registry.npmjs.org/gopd/-/gopd-1.2.0.tgz 27678ms (cache miss)
2320 http fetch GET 200 https://registry.npmjs.org/function-bind/-/function-bind-1.1.2.tgz 27713ms (cache miss)
2321 http fetch GET 200 https://registry.npmjs.org/es-define-property/-/es-define-property-1.0.1.tgz 27960ms (cache miss)
2322 http fetch GET 200 https://registry.npmjs.org/get-proto/-/get-proto-1.0.1.tgz 28257ms (cache miss)
2323 http fetch GET 200 https://registry.npmjs.org/get-intrinsic/-/get-intrinsic-1.3.0.tgz 28655ms (cache miss)
2324 http fetch GET 200 https://registry.npmjs.org/call-bind-apply-helpers/-/call-bind-apply-helpers-1.0.2.tgz 28661ms (cache miss)
2325 http fetch GET 200 https://registry.npmjs.org/es-errors/-/es-errors-1.3.0.tgz 29022ms (cache miss)
2326 http fetch GET 200 https://registry.npmjs.org/hasown/-/hasown-2.0.2.tgz 29131ms (cache miss)
2327 http fetch GET 200 https://registry.npmjs.org/has-tostringtag/-/has-tostringtag-1.0.2.tgz 29275ms (cache miss)
2328 http fetch GET 200 https://registry.npmjs.org/delayed-stream/-/delayed-stream-1.0.0.tgz 29451ms (cache miss)
2329 http fetch GET 200 https://registry.npmjs.org/es-set-tostringtag/-/es-set-tostringtag-2.1.0.tgz 29647ms (cache miss)
2330 http fetch GET 200 https://registry.npmjs.org/type-check/-/type-check-0.4.0.tgz 29795ms (cache miss)
2331 http fetch GET 200 https://registry.npmjs.org/combined-stream/-/combined-stream-1.0.8.tgz 29957ms (cache miss)
2332 http fetch GET 200 https://registry.npmjs.org/type-fest/-/type-fest-0.20.2.tgz 30397ms (cache miss)
2333 http fetch GET 200 https://registry.npmjs.org/rimraf/-/rimraf-3.0.2.tgz 30428ms (cache miss)
2334 warn deprecated rimraf@3.0.2: Rimraf versions prior to v4 are no longer supported
2335 http fetch GET 200 https://registry.npmjs.org/flatted/-/flatted-3.3.3.tgz 30468ms (cache miss)
2336 http fetch GET 200 https://registry.npmjs.org/@parcel/watcher-win32-x64/-/watcher-win32-x64-2.5.6.tgz 30914ms (cache miss)
2337 http fetch GET 200 https://registry.npmjs.org/reusify/-/reusify-1.1.0.tgz 30835ms (cache miss)
2338 http fetch GET 200 https://registry.npmjs.org/path-exists/-/path-exists-4.0.0.tgz 31048ms (cache miss)
2339 http fetch GET 200 https://registry.npmjs.org/mime-types/-/mime-types-2.1.35.tgz 31114ms (cache miss)
2340 http fetch GET 200 https://registry.npmjs.org/keyv/-/keyv-4.5.4.tgz 31214ms (cache miss)
2341 http fetch GET 200 https://registry.npmjs.org/acorn-jsx/-/acorn-jsx-5.3.2.tgz 31287ms (cache miss)
2342 http fetch GET 200 https://registry.npmjs.org/locate-path/-/locate-path-6.0.0.tgz 31318ms (cache miss)
2343 http fetch GET 200 https://registry.npmjs.org/flat-cache/-/flat-cache-3.2.0.tgz 31428ms (cache miss)
2344 http fetch GET 200 https://registry.npmjs.org/asynckit/-/asynckit-0.4.0.tgz 31437ms (cache miss)
2345 http fetch GET 200 https://registry.npmjs.org/estraverse/-/estraverse-5.3.0.tgz 31776ms (cache miss)
2346 http fetch GET 200 https://registry.npmjs.org/which/-/which-2.0.2.tgz 32195ms (cache miss)
2347 http fetch GET 200 https://registry.npmjs.org/nth-check/-/nth-check-2.1.1.tgz 32211ms (cache miss)
2348 http fetch GET 200 https://registry.npmjs.org/shebang-command/-/shebang-command-2.0.0.tgz 32460ms (cache miss)
2349 http fetch GET 200 https://registry.npmjs.org/color-name/-/color-name-1.1.4.tgz 32887ms (cache miss)
2350 http fetch GET 200 https://registry.npmjs.org/xml-name-validator/-/xml-name-validator-4.0.0.tgz 33129ms (cache miss)
2351 http fetch GET 200 https://registry.npmjs.org/supports-color/-/supports-color-7.2.0.tgz 33470ms (cache miss)
2352 http fetch GET 200 https://registry.npmjs.org/color-convert/-/color-convert-2.0.1.tgz 33586ms (cache miss)
2353 http fetch GET 200 https://registry.npmjs.org/path-key/-/path-key-3.1.1.tgz 33783ms (cache miss)
2354 http fetch GET 200 https://registry.npmjs.org/json-schema-traverse/-/json-schema-traverse-0.4.1.tgz 34223ms (cache miss)
2355 http fetch GET 200 https://registry.npmjs.org/postcss-selector-parser/-/postcss-selector-parser-6.1.2.tgz 34407ms (cache miss)
2356 http fetch GET 200 https://registry.npmjs.org/ansi-styles/-/ansi-styles-4.3.0.tgz 34538ms (cache miss)
2357 http fetch GET 200 https://registry.npmjs.org/fast-json-stable-stringify/-/fast-json-stable-stringify-2.1.0.tgz 34805ms (cache miss)
2358 http fetch GET 200 https://registry.npmjs.org/run-parallel/-/run-parallel-1.2.0.tgz 34820ms (cache miss)
2359 http fetch GET 200 https://registry.npmjs.org/argparse/-/argparse-2.0.1.tgz 34946ms (cache miss)
2360 http fetch GET 200 https://registry.npmjs.org/@nodelib/fs.stat/-/fs.stat-2.0.5.tgz 35295ms (cache miss)
2361 http fetch GET 200 https://registry.npmjs.org/fastq/-/fastq-1.20.1.tgz 35311ms (cache miss)
2362 http fetch GET 200 https://registry.npmjs.org/@humanwhocodes/object-schema/-/object-schema-2.0.3.tgz 35773ms (cache miss)
2363 warn deprecated @humanwhocodes/object-schema@2.0.3: Use @eslint/object-schema instead
2364 http fetch GET 200 https://registry.npmjs.org/@vue/runtime-core/-/runtime-core-3.5.29.tgz 36052ms (cache miss)
2365 http fetch GET 200 https://registry.npmjs.org/strip-json-comments/-/strip-json-comments-3.1.1.tgz 36191ms (cache miss)
2366 http fetch GET 200 https://registry.npmjs.org/import-fresh/-/import-fresh-3.3.1.tgz 36198ms (cache miss)
2367 http fetch GET 200 https://registry.npmjs.org/text-table/-/text-table-0.2.0.tgz 36247ms (cache miss)
2368 http fetch GET 200 https://registry.npmjs.org/strip-ansi/-/strip-ansi-6.0.1.tgz 36356ms (cache miss)
2369 http fetch GET 200 https://registry.npmjs.org/levn/-/levn-0.4.1.tgz 36803ms (cache miss)
2370 http fetch GET 200 https://registry.npmjs.org/lodash.merge/-/lodash.merge-4.6.2.tgz 37002ms (cache miss)
2371 http fetch GET 200 https://registry.npmjs.org/acorn/-/acorn-8.16.0.tgz 37175ms (cache miss)
2372 http fetch GET 200 https://registry.npmjs.org/is-path-inside/-/is-path-inside-3.0.3.tgz 37276ms (cache miss)
2373 http fetch GET 200 https://registry.npmjs.org/@nodelib/fs.scandir/-/fs.scandir-2.1.5.tgz 37299ms (cache miss)
2374 http fetch GET 200 https://registry.npmjs.org/json-stable-stringify-without-jsonify/-/json-stable-stringify-without-jsonify-1.0.1.tgz 37565ms (cache miss)
2375 http fetch GET 200 https://registry.npmjs.org/imurmurhash/-/imurmurhash-0.1.4.tgz 37690ms (cache miss)
2376 http fetch GET 200 https://registry.npmjs.org/@babel/types/-/types-7.29.0.tgz 37882ms (cache miss)
2377 http fetch GET 200 https://registry.npmjs.org/find-up/-/find-up-5.0.0.tgz 37946ms (cache miss)
2378 http fetch GET 200 https://registry.npmjs.org/globals/-/globals-13.24.0.tgz 38054ms (cache miss)
2379 http fetch GET 200 https://registry.npmjs.org/glob-parent/-/glob-parent-6.0.2.tgz 38472ms (cache miss)
2380 http fetch GET 200 https://registry.npmjs.org/esrecurse/-/esrecurse-4.3.0.tgz 38535ms (cache miss)
2381 http fetch GET 200 https://registry.npmjs.org/fast-deep-equal/-/fast-deep-equal-3.1.3.tgz 38657ms (cache miss)
2382 http fetch GET 200 https://registry.npmjs.org/esutils/-/esutils-2.0.3.tgz 38846ms (cache miss)
2383 http fetch GET 200 https://registry.npmjs.org/optionator/-/optionator-0.9.4.tgz 38864ms (cache miss)
2384 http fetch GET 200 https://registry.npmjs.org/vue-eslint-parser/-/vue-eslint-parser-9.4.3.tgz 38910ms (cache miss)
2385 http fetch GET 200 https://registry.npmjs.org/escape-string-regexp/-/escape-string-regexp-4.0.0.tgz 39029ms (cache miss)
2386 http fetch GET 200 https://registry.npmjs.org/cross-spawn/-/cross-spawn-7.0.6.tgz 39310ms (cache miss)
2387 http fetch GET 200 https://registry.npmjs.org/chalk/-/chalk-4.1.2.tgz 39397ms (cache miss)
2388 http fetch GET 200 https://registry.npmjs.org/@ungap/structured-clone/-/structured-clone-1.3.0.tgz 39981ms (cache miss)
2389 http fetch GET 200 https://registry.npmjs.org/@humanwhocodes/module-importer/-/module-importer-1.0.1.tgz 40178ms (cache miss)
2390 http fetch GET 200 https://registry.npmjs.org/doctrine/-/doctrine-3.0.0.tgz 40303ms (cache miss)
2391 http fetch GET 200 https://registry.npmjs.org/@nodelib/fs.walk/-/fs.walk-1.2.8.tgz 40548ms (cache miss)
2392 http fetch GET 200 https://registry.npmjs.org/@eslint/js/-/js-8.57.1.tgz 41218ms (cache miss)
2393 http fetch GET 200 https://registry.npmjs.org/@humanwhocodes/config-array/-/config-array-0.13.0.tgz 42105ms (cache miss)
2394 warn deprecated @humanwhocodes/config-array@0.13.0: Use @eslint/config-array instead
2395 http fetch GET 200 https://registry.npmjs.org/normalize-wheel-es/-/normalize-wheel-es-1.2.0.tgz 42357ms (cache miss)
2396 http fetch GET 200 https://registry.npmjs.org/file-entry-cache/-/file-entry-cache-6.0.1.tgz 42630ms (cache miss)
2397 http fetch GET 200 https://registry.npmjs.org/rollup/-/rollup-4.59.0.tgz 42821ms (cache miss)
2398 http fetch GET 200 https://registry.npmjs.org/espree/-/espree-9.6.1.tgz 43153ms (cache miss)
2399 http fetch GET 200 https://registry.npmjs.org/@floating-ui/utils/-/utils-0.2.10.tgz 43524ms (cache miss)
2400 http fetch GET 200 https://registry.npmjs.org/eslint-scope/-/eslint-scope-7.2.2.tgz 43542ms (cache miss)
2401 http fetch GET 200 https://registry.npmjs.org/lodash-unified/-/lodash-unified-1.0.3.tgz 43729ms (cache miss)
2402 http fetch GET 200 https://registry.npmjs.org/memoize-one/-/memoize-one-6.0.0.tgz 44836ms (cache miss)
2403 http fetch GET 200 https://registry.npmjs.org/uri-js/-/uri-js-4.4.1.tgz 45104ms (cache miss)
2404 http fetch GET 200 https://registry.npmjs.org/@eslint/eslintrc/-/eslintrc-2.1.4.tgz 46684ms (cache miss)
2405 http fetch GET 200 https://registry.npmjs.org/@floating-ui/core/-/core-1.7.4.tgz 48288ms (cache miss)
2406 http fetch GET 200 https://registry.npmjs.org/@sxzz/popperjs-es/-/popperjs-es-2.11.8.tgz 50229ms (cache miss)
2407 http fetch GET 200 https://registry.npmjs.org/lodash-es/-/lodash-es-4.17.23.tgz 50416ms (cache miss)
2408 http fetch GET 200 https://registry.npmjs.org/@ctrl/tinycolor/-/tinycolor-3.6.1.tgz 50520ms (cache miss)
2409 http fetch GET 200 https://registry.npmjs.org/@floating-ui/dom/-/dom-1.7.5.tgz 50743ms (cache miss)
2410 http fetch GET 200 https://registry.npmjs.org/ms/-/ms-2.1.3.tgz 51213ms (cache miss)
2411 http fetch GET 200 https://registry.npmjs.org/tslib/-/tslib-2.3.0.tgz 51784ms (cache miss)
2412 http fetch GET 200 https://registry.npmjs.org/@types/lodash-es/-/lodash-es-4.17.12.tgz 51806ms (cache miss)
2413 http fetch GET 200 https://registry.npmjs.org/@vue/compiler-sfc/-/compiler-sfc-3.5.29.tgz 52217ms (cache miss)
2414 http fetch GET 200 https://registry.npmjs.org/follow-redirects/-/follow-redirects-1.15.11.tgz 52390ms (cache miss)
2415 http fetch GET 200 https://registry.npmjs.org/@types/web-bluetooth/-/web-bluetooth-0.0.20.tgz 52570ms (cache miss)
2416 http fetch GET 200 https://registry.npmjs.org/proxy-from-env/-/proxy-from-env-1.1.0.tgz 53107ms (cache miss)
2417 http fetch GET 200 https://registry.npmjs.org/ajv/-/ajv-6.14.0.tgz 53383ms (cache miss)
2418 http fetch GET 200 https://registry.npmjs.org/@types/json-schema/-/json-schema-7.0.15.tgz 53785ms (cache miss)
2419 http fetch GET 200 https://registry.npmjs.org/@types/semver/-/semver-7.7.1.tgz 54912ms (cache miss)
2420 http fetch GET 200 https://registry.npmjs.org/esquery/-/esquery-1.7.0.tgz 55867ms (cache miss)
2421 http fetch GET 200 https://registry.npmjs.org/form-data/-/form-data-4.0.5.tgz 55948ms (cache miss)
2422 http fetch GET 200 https://registry.npmjs.org/eslint-visitor-keys/-/eslint-visitor-keys-3.4.3.tgz 55957ms (cache miss)
2423 http fetch GET 200 https://registry.npmjs.org/globby/-/globby-11.1.0.tgz 56463ms (cache miss)
2424 http fetch GET 200 https://registry.npmjs.org/@vueuse/metadata/-/metadata-10.11.1.tgz 56773ms (cache miss)
2425 http fetch GET 200 https://registry.npmjs.org/is-glob/-/is-glob-4.0.3.tgz 56942ms (cache miss)
2426 http fetch GET 200 https://registry.npmjs.org/async-validator/-/async-validator-4.2.5.tgz 57929ms (cache miss)
2427 http fetch GET 200 https://registry.npmjs.org/@vueuse/shared/-/shared-10.11.1.tgz 58765ms (cache miss)
2428 http fetch GET 200 https://registry.npmjs.org/@types/lodash/-/lodash-4.17.24.tgz 58862ms (cache miss)
2429 http fetch GET 200 https://registry.npmjs.org/lodash/-/lodash-4.17.23.tgz 59699ms (cache miss)
2430 http fetch GET 200 https://registry.npmjs.org/semver/-/semver-7.7.4.tgz 59943ms (cache miss)
2431 http fetch GET 200 https://registry.npmjs.org/ignore/-/ignore-5.3.2.tgz 60560ms (cache miss)
2432 http fetch GET 200 https://registry.npmjs.org/@eslint-community/eslint-utils/-/eslint-utils-4.9.1.tgz 60753ms (cache miss)
2433 http fetch GET 200 https://registry.npmjs.org/minimatch/-/minimatch-9.0.3.tgz 61152ms (cache miss)
2434 http fetch GET 200 https://registry.npmjs.org/@typescript-eslint/type-utils/-/type-utils-6.21.0.tgz 61296ms (cache miss)
2435 http fetch GET 200 https://registry.npmjs.org/@typescript-eslint/types/-/types-6.21.0.tgz 61373ms (cache miss)
2436 http fetch GET 200 https://registry.npmjs.org/natural-compare/-/natural-compare-1.4.0.tgz 61645ms (cache miss)
2437 http fetch GET 200 https://registry.npmjs.org/@typescript-eslint/utils/-/utils-6.21.0.tgz 62220ms (cache miss)
2438 http fetch GET 200 https://registry.npmjs.org/debug/-/debug-4.4.3.tgz 62924ms (cache miss)
2439 http fetch GET 200 https://registry.npmjs.org/vue-tsc/-/vue-tsc-1.8.27.tgz 63008ms (cache miss)
2440 http fetch GET 200 https://registry.npmjs.org/undici-types/-/undici-types-6.21.0.tgz 63100ms (cache miss)
2441 http fetch GET 200 https://registry.npmjs.org/graphemer/-/graphemer-1.4.0.tgz 65101ms (cache miss)
2442 http fetch GET 200 https://registry.npmjs.org/@eslint-community/regexpp/-/regexpp-4.12.2.tgz 65594ms (cache miss)
2443 http fetch GET 200 https://registry.npmjs.org/@typescript-eslint/visitor-keys/-/visitor-keys-6.21.0.tgz 65639ms (cache miss)
2444 http fetch GET 200 https://registry.npmjs.org/nprogress/-/nprogress-0.2.0.tgz 66139ms (cache miss)
2445 http fetch GET 200 https://registry.npmjs.org/ts-api-utils/-/ts-api-utils-1.4.3.tgz 68509ms (cache miss)
2446 http fetch GET 200 https://registry.npmjs.org/pinia/-/pinia-2.3.1.tgz 71627ms (cache miss)
2447 http fetch GET 200 https://registry.npmjs.org/@typescript-eslint/typescript-estree/-/typescript-estree-6.21.0.tgz 73671ms (cache miss)
2448 http fetch GET 200 https://registry.npmjs.org/js-yaml/-/js-yaml-4.1.1.tgz 74206ms (cache miss)
2449 http fetch GET 200 https://registry.npmjs.org/vue-router/-/vue-router-4.6.4.tgz 74238ms (cache miss)
2450 http fetch GET 200 https://registry.npmjs.org/@typescript-eslint/scope-manager/-/scope-manager-6.21.0.tgz 76480ms (cache miss)
2451 http fetch GET 200 https://registry.npmjs.org/dayjs/-/dayjs-1.11.19.tgz 84399ms (cache miss)
2452 http fetch GET 200 https://registry.npmjs.org/@vitejs/plugin-vue/-/plugin-vue-5.2.4.tgz 87190ms (cache miss)
2453 http fetch GET 200 https://registry.npmjs.org/vue-echarts/-/vue-echarts-6.7.3.tgz 90217ms (cache miss)
2454 http fetch GET 200 https://registry.npmjs.org/@vueuse/core/-/core-10.11.1.tgz 92759ms (cache miss)
2455 http fetch GET 200 https://registry.npmjs.org/@typescript-eslint/parser/-/parser-6.21.0.tgz 93732ms (cache miss)
2456 http fetch GET 200 https://registry.npmjs.org/zrender/-/zrender-5.6.1.tgz 103645ms (cache miss)
2457 http fetch GET 200 https://registry.npmjs.org/brace-expansion/-/brace-expansion-1.1.12.tgz 103953ms (cache miss)
2458 http fetch GET 200 https://registry.npmjs.org/@types/nprogress/-/nprogress-0.2.3.tgz 104156ms (cache miss)
2459 http fetch GET 200 https://registry.npmjs.org/@rollup/rollup-win32-x64-gnu/-/rollup-win32-x64-gnu-4.59.0.tgz 116862ms (cache miss)
2460 http fetch GET 200 https://registry.npmjs.org/eslint/-/eslint-8.57.1.tgz 135497ms (cache miss)
2461 warn deprecated eslint@8.57.1: This version is no longer supported. Please see https://eslint.org/version-support for other options.
2462 http fetch GET 200 https://registry.npmjs.org/glob-parent/-/glob-parent-5.1.2.tgz 136039ms (cache miss)
2463 http fetch GET 200 https://registry.npmjs.org/minimatch/-/minimatch-3.1.5.tgz 138237ms (cache miss)
2464 http fetch GET 200 https://registry.npmjs.org/picomatch/-/picomatch-4.0.3.tgz 141071ms (cache miss)
2465 http fetch GET 200 https://registry.npmjs.org/brace-expansion/-/brace-expansion-1.1.12.tgz 141515ms (cache miss)
2466 http fetch GET 200 https://registry.npmjs.org/@types/node/-/node-20.19.34.tgz 144780ms (cache miss)
2467 http fetch GET 200 https://registry.npmjs.org/axios/-/axios-1.13.5.tgz 146250ms (cache miss)
2468 http fetch GET 200 https://registry.npmjs.org/vue-demi/-/vue-demi-0.13.11.tgz 146599ms (cache miss)
2469 http fetch GET 200 https://registry.npmjs.org/eslint-plugin-vue/-/eslint-plugin-vue-9.33.0.tgz 146743ms (cache miss)
2470 http fetch GET 200 https://registry.npmjs.org/sass/-/sass-1.97.3.tgz 147020ms (cache miss)
2471 http fetch GET 200 https://registry.npmjs.org/brace-expansion/-/brace-expansion-1.1.12.tgz 147098ms (cache miss)
2472 http fetch GET 200 https://registry.npmjs.org/minimatch/-/minimatch-3.1.5.tgz 148519ms (cache miss)
2473 http fetch GET 200 https://registry.npmjs.org/minimatch/-/minimatch-3.1.5.tgz 148612ms (cache miss)
2474 http fetch GET 200 https://registry.npmjs.org/brace-expansion/-/brace-expansion-1.1.12.tgz 149105ms (cache miss)
2475 http fetch GET 200 https://registry.npmjs.org/minimatch/-/minimatch-3.1.5.tgz 149301ms (cache miss)
2476 http fetch GET 200 https://registry.npmjs.org/minimatch 154144ms (cache miss)
2477 silly packumentCache corgi:https://registry.npmjs.org/minimatch set size:undefined disposed:false
2478 http fetch GET 200 https://registry.npmjs.org/vue-template-compiler 154381ms (cache miss)
2479 silly packumentCache corgi:https://registry.npmjs.org/vue-template-compiler set size:undefined disposed:false
2480 http fetch GET 200 https://registry.npmjs.org/@typescript-eslint/eslint-plugin/-/eslint-plugin-6.21.0.tgz 155289ms (cache miss)
2481 http fetch GET 200 https://registry.npmjs.org/esbuild 178551ms (cache miss)
2482 silly packumentCache corgi:https://registry.npmjs.org/esbuild set size:undefined disposed:false
2483 silly packumentCache corgi:https://registry.npmjs.org/@typescript-eslint%2ftypescript-estree cache-miss
2484 silly packumentCache corgi:https://registry.npmjs.org/@vue%2flanguage-core cache-miss
2485 http fetch GET 200 https://registry.npmjs.org/@vue%2flanguage-core 3066ms (cache miss)
2486 silly packumentCache corgi:https://registry.npmjs.org/@vue%2flanguage-core set size:undefined disposed:false
2487 http fetch GET 200 https://registry.npmjs.org/vue/-/vue-3.5.29.tgz 222794ms (cache miss)
2488 http fetch GET 200 https://registry.npmjs.org/@rollup/rollup-win32-x64-msvc/-/rollup-win32-x64-msvc-4.59.0.tgz 233611ms (cache miss)
2489 http fetch GET 200 https://registry.npmjs.org/@element-plus/icons-vue/-/icons-vue-2.3.2.tgz 286409ms (cache miss)
2490 http fetch GET 200 https://registry.npmjs.org/vite/-/vite-5.4.21.tgz 412481ms (cache miss)
2491 http fetch GET 200 https://registry.npmjs.org/typescript/-/typescript-5.9.3.tgz 451024ms (cache miss)
2492 http fetch GET 200 https://registry.npmjs.org/prettier/-/prettier-3.8.1.tgz 490492ms (cache miss)
2493 silly packumentCache corgi:https://registry.npmjs.org/vite cache-miss
2494 http fetch GET 200 https://registry.npmjs.org/@esbuild/win32-x64/-/win32-x64-0.21.5.tgz 597347ms (cache miss)
2495 http fetch GET 200 https://registry.npmjs.org/vite 63639ms (cache miss)
2496 silly packumentCache corgi:https://registry.npmjs.org/vite set size:undefined disposed:false
2497 silly packumentCache corgi:https://registry.npmjs.org/@typescript-eslint%2fparser cache-miss
2498 silly packumentCache corgi:https://registry.npmjs.org/@typescript-eslint%2ftype-utils cache-miss
2499 silly packumentCache corgi:https://registry.npmjs.org/@typescript-eslint%2futils cache-miss
2500 http fetch GET 200 https://registry.npmjs.org/@typescript-eslint%2futils 118786ms (cache miss)
2501 silly packumentCache corgi:https://registry.npmjs.org/@typescript-eslint%2futils set size:undefined disposed:false
2502 http fetch GET 200 https://registry.npmjs.org/element-plus/-/element-plus-2.13.2.tgz 1435208ms (cache miss)
2503 silly packumentCache corgi:https://registry.npmjs.org/@vitejs%2fplugin-vue cache-miss
2504 http fetch GET 200 https://registry.npmjs.org/@vitejs%2fplugin-vue 1350ms (cache miss)
2505 silly packumentCache corgi:https://registry.npmjs.org/@vitejs%2fplugin-vue set size:undefined disposed:false
2506 silly packumentCache corgi:https://registry.npmjs.org/vue-tsc cache-miss
2507 http fetch GET 200 https://registry.npmjs.org/vue-tsc 1485ms (cache miss)
2508 silly packumentCache corgi:https://registry.npmjs.org/vue-tsc set size:undefined disposed:false
2509 silly packumentCache corgi:https://registry.npmjs.org/@typescript-eslint%2feslint-plugin cache-miss
2510 http fetch GET 200 https://registry.npmjs.org/@typescript-eslint%2feslint-plugin 91689ms (cache miss)
2511 silly packumentCache corgi:https://registry.npmjs.org/@typescript-eslint%2feslint-plugin set size:undefined disposed:false
2512 warn cleanup Failed to remove some directories [
2512 warn cleanup   [
2512 warn cleanup     '\\\\?\\D:\\Medical_Intelligent_Agent_System\\frontend\\node_modules\\reusify',
2512 warn cleanup     [Error: EBUSY: resource busy or locked, rmdir 'D:\Medical_Intelligent_Agent_System\frontend\node_modules\reusify'] {
2512 warn cleanup       errno: -4082,
2512 warn cleanup       code: 'EBUSY',
2512 warn cleanup       syscall: 'rmdir',
2512 warn cleanup       path: 'D:\\Medical_Intelligent_Agent_System\\frontend\\node_modules\\reusify'
2512 warn cleanup     }
2512 warn cleanup   ],
2512 warn cleanup   [
2512 warn cleanup     '\\\\?\\D:\\Medical_Intelligent_Agent_System\\frontend\\node_modules',
2512 warn cleanup     [Error: EBUSY: resource busy or locked, rmdir 'D:\Medical_Intelligent_Agent_System\frontend\node_modules\reusify'] {
2512 warn cleanup       errno: -4082,
2512 warn cleanup       code: 'EBUSY',
2512 warn cleanup       syscall: 'rmdir',
2512 warn cleanup       path: 'D:\\Medical_Intelligent_Agent_System\\frontend\\node_modules\\reusify'
2512 warn cleanup     }
2512 warn cleanup   ]
2512 warn cleanup ]
2513 verbose stack Error: read ECONNRESET
2513 verbose stack     at TLSWrap.onStreamRead (node:internal/stream_base_commons:216:20)
2514 error code ECONNRESET
2515 error syscall read
2516 error errno -4077
2517 error network read ECONNRESET
2518 error network This is a problem related to network connectivity.
2518 error network In most cases you are behind a proxy or have bad network settings.
2518 error network
2518 error network If you are behind a proxy, please make sure that the
2518 error network 'proxy' config is set properly.  See: 'npm help config'
2519 silly unfinished npm timer reify 1772117138350
2520 silly unfinished npm timer reify:unpack 1772118323743
2521 silly unfinished npm timer reifyNode:node_modules/echarts 1772118323746
2522 verbose cwd D:\Medical_Intelligent_Agent_System\frontend
2523 verbose os Windows_NT 10.0.19045
2524 verbose node v22.20.0
2525 verbose npm  v11.7.0
2526 notice
2526 notice New minor version of npm available! 11.7.0 -> 11.11.0
2526 notice Changelog: https://github.com/npm/cli/releases/tag/v11.11.0
2526 notice To update run: npm install -g npm@11.11.0
2526 notice  { force: true, [Symbol(proc-log.meta)]: true }
2527 verbose exit -4077
2528 verbose code -4077
2529 error A complete log of this run can be found in: D:\Medical_Intelligent_Agent_System\frontend\npm-cache\_logs\2026-02-26T14_45_37_474Z-debug-0.log
